2025-12-24 00:23:28.256 [File Watcher] INFO  o.s.b.d.a.LocalDevToolsAutoConfiguration$RestartingClassPathChangeChangedEventListener - Restarting due to 10 class path changes (0 additions, 0 deletions, 10 modifications)
2025-12-24 00:23:28.341 [Thread-5] INFO  o.s.boot.web.embedded.tomcat.GracefulShutdown - Commencing graceful shutdown. Waiting for active requests to complete
2025-12-24 00:23:29.360 [tomcat-shutdown] INFO  o.s.boot.web.embedded.tomcat.GracefulShutdown - Graceful shutdown complete
2025-12-24 00:23:29.478 [Thread-5] INFO  com.zaxxer.hikari.HikariDataSource - HikariPool-1 - Shutdown initiated...
2025-12-24 00:23:29.486 [Thread-5] INFO  com.zaxxer.hikari.HikariDataSource - HikariPool-1 - Shutdown completed.
2025-12-24 00:23:29.782 [restartedMain] INFO  com.jacob.WebApplication - Starting WebApplication using Java 17.0.4.1 with PID 35224 (C:\Users\16921\IdeaProjects\pet-health\web\target\classes started by 16921 in C:\Users\16921\IdeaProjects\pet-health)
2025-12-24 00:23:29.782 [restartedMain] INFO  com.jacob.WebApplication - No active profile set, falling back to 1 default profile: "default"
2025-12-24 00:23:30.425 [restartedMain] INFO  o.s.d.r.config.RepositoryConfigurationDelegate - Multiple Spring Data modules found, entering strict repository configuration mode
2025-12-24 00:23:30.425 [restartedMain] INFO  o.s.d.r.config.RepositoryConfigurationDelegate - Bootstrapping Spring Data Redis repositories in DEFAULT mode.
2025-12-24 00:23:30.455 [restartedMain] INFO  o.s.d.r.config.RepositoryConfigurationDelegate - Finished Spring Data repository scanning in 28 ms. Found 0 Redis repository interfaces.
2025-12-24 00:23:30.542 [restartedMain] WARN  org.mybatis.spring.mapper.ClassPathMapperScanner - No MyBatis mapper was found in '[com.jacob.dao.mappers]' package. Please check your configuration.
2025-12-24 00:23:30.778 [restartedMain] INFO  o.s.boot.web.embedded.tomcat.TomcatWebServer - Tomcat initialized with port 8080 (http)
2025-12-24 00:23:30.780 [restartedMain] INFO  org.apache.catalina.core.StandardService - Starting service [Tomcat]
2025-12-24 00:23:30.780 [restartedMain] INFO  org.apache.catalina.core.StandardEngine - Starting Servlet engine: [Apache Tomcat/10.1.49]
2025-12-24 00:23:30.844 [restartedMain] INFO  o.a.c.core.ContainerBase.[Tomcat].[localhost].[/] - Initializing Spring embedded WebApplicationContext
2025-12-24 00:23:30.845 [restartedMain] INFO  o.s.b.w.s.c.ServletWebServerApplicationContext - Root WebApplicationContext: initialization completed in 1055 ms
2025-12-24 00:23:31.012 [restartedMain] WARN  o.s.b.w.s.c.AnnotationConfigServletWebServerApplicationContext - Exception encountered during context initialization - cancelling refresh attempt: org.springframework.beans.factory.UnsatisfiedDependencyException: Error creating bean with name 'userController': Unsatisfied dependency expressed through field 'sysUserInfoService': Error creating bean with name 'sysUserInfoServiceImpl': Unsatisfied dependency expressed through field 'baseMapper': No qualifying bean of type 'com.jacob.dao.mappers.user.SysUserInfoDao' available: expected at least 1 bean which qualifies as autowire candidate. Dependency annotations: {@org.springframework.beans.factory.annotation.Autowired(required=true)}
2025-12-24 00:23:31.016 [restartedMain] INFO  org.apache.catalina.core.StandardService - Stopping service [Tomcat]
2025-12-24 00:23:31.026 [restartedMain] INFO  o.s.b.a.logging.ConditionEvaluationReportLogger - 

Error starting ApplicationContext. To display the condition evaluation report re-run your application with 'debug' enabled.
2025-12-24 00:23:31.110 [restartedMain] ERROR org.springframework.boot.SpringApplication - Application run failed
org.springframework.beans.factory.UnsatisfiedDependencyException: Error creating bean with name 'userController': Unsatisfied dependency expressed through field 'sysUserInfoService': Error creating bean with name 'sysUserInfoServiceImpl': Unsatisfied dependency expressed through field 'baseMapper': No qualifying bean of type 'com.jacob.dao.mappers.user.SysUserInfoDao' available: expected at least 1 bean which qualifies as autowire candidate. Dependency annotations: {@org.springframework.beans.factory.annotation.Autowired(required=true)}
	at org.springframework.beans.factory.annotation.AutowiredAnnotationBeanPostProcessor$AutowiredFieldElement.resolveFieldValue(AutowiredAnnotationBeanPostProcessor.java:787) ~[spring-beans-6.2.14.jar:6.2.14]
	at org.springframework.beans.factory.annotation.AutowiredAnnotationBeanPostProcessor$AutowiredFieldElement.inject(AutowiredAnnotationBeanPostProcessor.java:767) ~[spring-beans-6.2.14.jar:6.2.14]
	at org.springframework.beans.factory.annotation.InjectionMetadata.inject(InjectionMetadata.java:146) ~[spring-beans-6.2.14.jar:6.2.14]
	at org.springframework.beans.factory.annotation.AutowiredAnnotationBeanPostProcessor.postProcessProperties(AutowiredAnnotationBeanPostProcessor.java:509) ~[spring-beans-6.2.14.jar:6.2.14]
	at org.springframework.beans.factory.support.AbstractAutowireCapableBeanFactory.populateBean(AbstractAutowireCapableBeanFactory.java:1459) ~[spring-beans-6.2.14.jar:6.2.14]
	at org.springframework.beans.factory.support.AbstractAutowireCapableBeanFactory.doCreateBean(AbstractAutowireCapableBeanFactory.java:606) ~[spring-beans-6.2.14.jar:6.2.14]
	at org.springframework.beans.factory.support.AbstractAutowireCapableBeanFactory.createBean(AbstractAutowireCapableBeanFactory.java:529) ~[spring-beans-6.2.14.jar:6.2.14]
	at org.springframework.beans.factory.support.AbstractBeanFactory.lambda$doGetBean$0(AbstractBeanFactory.java:339) ~[spring-beans-6.2.14.jar:6.2.14]
	at org.springframework.beans.factory.support.DefaultSingletonBeanRegistry.getSingleton(DefaultSingletonBeanRegistry.java:373) ~[spring-beans-6.2.14.jar:6.2.14]
	at org.springframework.beans.factory.support.AbstractBeanFactory.doGetBean(AbstractBeanFactory.java:337) ~[spring-beans-6.2.14.jar:6.2.14]
	at org.springframework.beans.factory.support.AbstractBeanFactory.getBean(AbstractBeanFactory.java:202) ~[spring-beans-6.2.14.jar:6.2.14]
	at org.springframework.beans.factory.support.DefaultListableBeanFactory.instantiateSingleton(DefaultListableBeanFactory.java:1228) ~[spring-beans-6.2.14.jar:6.2.14]
	at org.springframework.beans.factory.support.DefaultListableBeanFactory.preInstantiateSingleton(DefaultListableBeanFactory.java:1194) ~[spring-beans-6.2.14.jar:6.2.14]
	at org.springframework.beans.factory.support.DefaultListableBeanFactory.preInstantiateSingletons(DefaultListableBeanFactory.java:1130) ~[spring-beans-6.2.14.jar:6.2.14]
	at org.springframework.context.support.AbstractApplicationContext.finishBeanFactoryInitialization(AbstractApplicationContext.java:990) ~[spring-context-6.2.14.jar:6.2.14]
	at org.springframework.context.support.AbstractApplicationContext.refresh(AbstractApplicationContext.java:627) ~[spring-context-6.2.14.jar:6.2.14]
	at org.springframework.boot.web.servlet.context.ServletWebServerApplicationContext.refresh(ServletWebServerApplicationContext.java:146) ~[spring-boot-3.5.8.jar:3.5.8]
	at org.springframework.boot.SpringApplication.refresh(SpringApplication.java:752) ~[spring-boot-3.5.8.jar:3.5.8]
	at org.springframework.boot.SpringApplication.refreshContext(SpringApplication.java:439) ~[spring-boot-3.5.8.jar:3.5.8]
	at org.springframework.boot.SpringApplication.run(SpringApplication.java:318) ~[spring-boot-3.5.8.jar:3.5.8]
	at org.springframework.boot.SpringApplication.run(SpringApplication.java:1361) ~[spring-boot-3.5.8.jar:3.5.8]
	at org.springframework.boot.SpringApplication.run(SpringApplication.java:1350) ~[spring-boot-3.5.8.jar:3.5.8]
	at com.jacob.WebApplication.main(WebApplication.java:20) ~[classes/:na]
	at java.base/jdk.internal.reflect.NativeMethodAccessorImpl.invoke0(Native Method) ~[na:na]
	at java.base/jdk.internal.reflect.NativeMethodAccessorImpl.invoke(NativeMethodAccessorImpl.java:77) ~[na:na]
	at java.base/jdk.internal.reflect.DelegatingMethodAccessorImpl.invoke(DelegatingMethodAccessorImpl.java:43) ~[na:na]
	at java.base/java.lang.reflect.Method.invoke(Method.java:568) ~[na:na]
	at org.springframework.boot.devtools.restart.RestartLauncher.run(RestartLauncher.java:50) ~[spring-boot-devtools-3.5.8.jar:3.5.8]
Caused by: org.springframework.beans.factory.UnsatisfiedDependencyException: Error creating bean with name 'sysUserInfoServiceImpl': Unsatisfied dependency expressed through field 'baseMapper': No qualifying bean of type 'com.jacob.dao.mappers.user.SysUserInfoDao' available: expected at least 1 bean which qualifies as autowire candidate. Dependency annotations: {@org.springframework.beans.factory.annotation.Autowired(required=true)}
	at org.springframework.beans.factory.annotation.AutowiredAnnotationBeanPostProcessor$AutowiredFieldElement.resolveFieldValue(AutowiredAnnotationBeanPostProcessor.java:787) ~[spring-beans-6.2.14.jar:6.2.14]
	at org.springframework.beans.factory.annotation.AutowiredAnnotationBeanPostProcessor$AutowiredFieldElement.inject(AutowiredAnnotationBeanPostProcessor.java:767) ~[spring-beans-6.2.14.jar:6.2.14]
	at org.springframework.beans.factory.annotation.InjectionMetadata.inject(InjectionMetadata.java:146) ~[spring-beans-6.2.14.jar:6.2.14]
	at org.springframework.beans.factory.annotation.AutowiredAnnotationBeanPostProcessor.postProcessProperties(AutowiredAnnotationBeanPostProcessor.java:509) ~[spring-beans-6.2.14.jar:6.2.14]
	at org.springframework.beans.factory.support.AbstractAutowireCapableBeanFactory.populateBean(AbstractAutowireCapableBeanFactory.java:1459) ~[spring-beans-6.2.14.jar:6.2.14]
	at org.springframework.beans.factory.support.AbstractAutowireCapableBeanFactory.doCreateBean(AbstractAutowireCapableBeanFactory.java:606) ~[spring-beans-6.2.14.jar:6.2.14]
	at org.springframework.beans.factory.support.AbstractAutowireCapableBeanFactory.createBean(AbstractAutowireCapableBeanFactory.java:529) ~[spring-beans-6.2.14.jar:6.2.14]
	at org.springframework.beans.factory.support.AbstractBeanFactory.lambda$doGetBean$0(AbstractBeanFactory.java:339) ~[spring-beans-6.2.14.jar:6.2.14]
	at org.springframework.beans.factory.support.DefaultSingletonBeanRegistry.getSingleton(DefaultSingletonBeanRegistry.java:373) ~[spring-beans-6.2.14.jar:6.2.14]
	at org.springframework.beans.factory.support.AbstractBeanFactory.doGetBean(AbstractBeanFactory.java:337) ~[spring-beans-6.2.14.jar:6.2.14]
	at org.springframework.beans.factory.support.AbstractBeanFactory.getBean(AbstractBeanFactory.java:202) ~[spring-beans-6.2.14.jar:6.2.14]
	at org.springframework.beans.factory.config.DependencyDescriptor.resolveCandidate(DependencyDescriptor.java:254) ~[spring-beans-6.2.14.jar:6.2.14]
	at org.springframework.beans.factory.support.DefaultListableBeanFactory.doResolveDependency(DefaultListableBeanFactory.java:1770) ~[spring-beans-6.2.14.jar:6.2.14]
	at org.springframework.beans.factory.support.DefaultListableBeanFactory.resolveDependency(DefaultListableBeanFactory.java:1653) ~[spring-beans-6.2.14.jar:6.2.14]
	at org.springframework.beans.factory.annotation.AutowiredAnnotationBeanPostProcessor$AutowiredFieldElement.resolveFieldValue(AutowiredAnnotationBeanPostProcessor.java:784) ~[spring-beans-6.2.14.jar:6.2.14]
	... 27 common frames omitted
Caused by: org.springframework.beans.factory.NoSuchBeanDefinitionException: No qualifying bean of type 'com.jacob.dao.mappers.user.SysUserInfoDao' available: expected at least 1 bean which qualifies as autowire candidate. Dependency annotations: {@org.springframework.beans.factory.annotation.Autowired(required=true)}
	at org.springframework.beans.factory.support.DefaultListableBeanFactory.raiseNoMatchingBeanFound(DefaultListableBeanFactory.java:2315) ~[spring-beans-6.2.14.jar:6.2.14]
	at org.springframework.beans.factory.support.DefaultListableBeanFactory.doResolveDependency(DefaultListableBeanFactory.java:1733) ~[spring-beans-6.2.14.jar:6.2.14]
	at org.springframework.beans.factory.support.DefaultListableBeanFactory.resolveDependency(DefaultListableBeanFactory.java:1653) ~[spring-beans-6.2.14.jar:6.2.14]
	at org.springframework.beans.factory.annotation.AutowiredAnnotationBeanPostProcessor$AutowiredFieldElement.resolveFieldValue(AutowiredAnnotationBeanPostProcessor.java:784) ~[spring-beans-6.2.14.jar:6.2.14]
	... 41 common frames omitted
2025-12-24 00:23:32.728 [restartedMain] INFO  com.jacob.WebApplication - Starting WebApplication using Java 17.0.4.1 with PID 35224 (C:\Users\16921\IdeaProjects\pet-health\web\target\classes started by 16921 in C:\Users\16921\IdeaProjects\pet-health)
2025-12-24 00:23:32.728 [restartedMain] INFO  com.jacob.WebApplication - No active profile set, falling back to 1 default profile: "default"
2025-12-24 00:23:33.304 [restartedMain] INFO  o.s.d.r.config.RepositoryConfigurationDelegate - Multiple Spring Data modules found, entering strict repository configuration mode
2025-12-24 00:23:33.304 [restartedMain] INFO  o.s.d.r.config.RepositoryConfigurationDelegate - Bootstrapping Spring Data Redis repositories in DEFAULT mode.
2025-12-24 00:23:33.333 [restartedMain] INFO  o.s.d.r.config.RepositoryConfigurationDelegate - Finished Spring Data repository scanning in 27 ms. Found 0 Redis repository interfaces.
2025-12-24 00:23:33.588 [restartedMain] INFO  o.s.boot.web.embedded.tomcat.TomcatWebServer - Tomcat initialized with port 8080 (http)
2025-12-24 00:23:33.592 [restartedMain] INFO  org.apache.catalina.core.StandardService - Starting service [Tomcat]
2025-12-24 00:23:33.592 [restartedMain] INFO  org.apache.catalina.core.StandardEngine - Starting Servlet engine: [Apache Tomcat/10.1.49]
2025-12-24 00:23:33.669 [restartedMain] INFO  o.a.c.c.ContainerBase.[Tomcat-1].[localhost].[/] - Initializing Spring embedded WebApplicationContext
2025-12-24 00:23:33.669 [restartedMain] INFO  o.s.b.w.s.c.ServletWebServerApplicationContext - Root WebApplicationContext: initialization completed in 933 ms
2025-12-24 00:23:33.907 [restartedMain] WARN  o.s.b.w.s.c.AnnotationConfigServletWebServerApplicationContext - Exception encountered during context initialization - cancelling refresh attempt: org.springframework.beans.factory.UnsatisfiedDependencyException: Error creating bean with name 'userController': Unsatisfied dependency expressed through field 'sysUserInfoService': No qualifying bean of type 'com.jacob.service.user.userInfo.SysUserInfoService' available: expected at least 1 bean which qualifies as autowire candidate. Dependency annotations: {@org.springframework.beans.factory.annotation.Autowired(required=true)}
2025-12-24 00:23:33.913 [restartedMain] INFO  org.apache.catalina.core.StandardService - Stopping service [Tomcat]
2025-12-24 00:23:33.922 [restartedMain] INFO  o.s.b.a.logging.ConditionEvaluationReportLogger - 

Error starting ApplicationContext. To display the condition evaluation report re-run your application with 'debug' enabled.
2025-12-24 00:23:33.940 [restartedMain] ERROR o.s.b.diagnostics.LoggingFailureAnalysisReporter - 

***************************
APPLICATION FAILED TO START
***************************

Description:

Field sysUserInfoService in com.jacob.web.UserController required a bean of type 'com.jacob.service.user.userInfo.SysUserInfoService' that could not be found.

The injection point has the following annotations:
	- @org.springframework.beans.factory.annotation.Autowired(required=true)


Action:

Consider defining a bean of type 'com.jacob.service.user.userInfo.SysUserInfoService' in your configuration.

2025-12-24 00:23:35.569 [restartedMain] INFO  com.jacob.WebApplication - Starting WebApplication using Java 17.0.4.1 with PID 35224 (C:\Users\16921\IdeaProjects\pet-health\web\target\classes started by 16921 in C:\Users\16921\IdeaProjects\pet-health)
2025-12-24 00:23:35.570 [restartedMain] INFO  com.jacob.WebApplication - No active profile set, falling back to 1 default profile: "default"
2025-12-24 00:23:36.477 [restartedMain] INFO  o.s.d.r.config.RepositoryConfigurationDelegate - Multiple Spring Data modules found, entering strict repository configuration mode
2025-12-24 00:23:36.477 [restartedMain] INFO  o.s.d.r.config.RepositoryConfigurationDelegate - Bootstrapping Spring Data Redis repositories in DEFAULT mode.
2025-12-24 00:23:36.524 [restartedMain] INFO  o.s.d.r.config.RepositoryConfigurationDelegate - Finished Spring Data repository scanning in 43 ms. Found 0 Redis repository interfaces.
2025-12-24 00:23:36.843 [restartedMain] INFO  o.s.boot.web.embedded.tomcat.TomcatWebServer - Tomcat initialized with port 8080 (http)
2025-12-24 00:23:36.845 [restartedMain] INFO  org.apache.catalina.core.StandardService - Starting service [Tomcat]
2025-12-24 00:23:36.845 [restartedMain] INFO  org.apache.catalina.core.StandardEngine - Starting Servlet engine: [Apache Tomcat/10.1.49]
2025-12-24 00:23:36.916 [restartedMain] INFO  o.a.c.c.ContainerBase.[Tomcat-2].[localhost].[/] - Initializing Spring embedded WebApplicationContext
2025-12-24 00:23:36.916 [restartedMain] INFO  o.s.b.w.s.c.ServletWebServerApplicationContext - Root WebApplicationContext: initialization completed in 1335 ms
2025-12-24 00:23:38.120 [restartedMain] INFO  o.s.b.d.autoconfigure.OptionalLiveReloadServer - LiveReload server is running on port 35729
2025-12-24 00:23:38.137 [restartedMain] INFO  o.s.boot.web.embedded.tomcat.TomcatWebServer - Tomcat started on port 8080 (http) with context path '/'
2025-12-24 00:23:38.141 [restartedMain] INFO  com.jacob.WebApplication - Started WebApplication in 2.69 seconds (process running for 4679.015)
2025-12-24 00:23:38.142 [restartedMain] INFO  com.zaxxer.hikari.HikariDataSource - HikariPool-2 - Starting...
2025-12-24 00:23:38.148 [restartedMain] INFO  com.zaxxer.hikari.pool.HikariPool - HikariPool-2 - Added connection com.p6spy.engine.wrapper.ConnectionWrapper@5ffe4086
2025-12-24 00:23:38.150 [restartedMain] INFO  com.zaxxer.hikari.HikariDataSource - HikariPool-2 - Start completed.
2025-12-24 00:23:38.206 [restartedMain] INFO  com.jacob.InitRun - 服务器启动成功！总耗时1155毫秒
2025-12-24 00:23:38.208 [restartedMain] INFO  o.s.b.d.a.ConditionEvaluationDeltaLoggingListener - Condition evaluation unchanged
2025-12-24 00:23:39.622 [File Watcher] INFO  o.s.b.d.a.LocalDevToolsAutoConfiguration$RestartingClassPathChangeChangedEventListener - Restarting due to 3 class path changes (0 additions, 0 deletions, 3 modifications)
2025-12-24 00:23:39.623 [Thread-7] INFO  o.s.boot.web.embedded.tomcat.GracefulShutdown - Commencing graceful shutdown. Waiting for active requests to complete
2025-12-24 00:23:40.813 [tomcat-shutdown] INFO  o.s.boot.web.embedded.tomcat.GracefulShutdown - Graceful shutdown complete
2025-12-24 00:23:40.822 [Thread-7] INFO  com.zaxxer.hikari.HikariDataSource - HikariPool-2 - Shutdown initiated...
2025-12-24 00:23:40.825 [Thread-7] INFO  com.zaxxer.hikari.HikariDataSource - HikariPool-2 - Shutdown completed.
2025-12-24 00:23:41.005 [restartedMain] INFO  com.jacob.WebApplication - Starting WebApplication using Java 17.0.4.1 with PID 35224 (C:\Users\16921\IdeaProjects\pet-health\web\target\classes started by 16921 in C:\Users\16921\IdeaProjects\pet-health)
2025-12-24 00:23:41.005 [restartedMain] INFO  com.jacob.WebApplication - No active profile set, falling back to 1 default profile: "default"
2025-12-24 00:23:41.805 [restartedMain] INFO  o.s.d.r.config.RepositoryConfigurationDelegate - Multiple Spring Data modules found, entering strict repository configuration mode
2025-12-24 00:23:41.806 [restartedMain] INFO  o.s.d.r.config.RepositoryConfigurationDelegate - Bootstrapping Spring Data Redis repositories in DEFAULT mode.
2025-12-24 00:23:41.847 [restartedMain] INFO  o.s.d.r.config.RepositoryConfigurationDelegate - Finished Spring Data repository scanning in 40 ms. Found 0 Redis repository interfaces.
2025-12-24 00:23:42.140 [restartedMain] INFO  o.s.boot.web.embedded.tomcat.TomcatWebServer - Tomcat initialized with port 8080 (http)
2025-12-24 00:23:42.140 [restartedMain] INFO  org.apache.catalina.core.StandardService - Starting service [Tomcat]
2025-12-24 00:23:42.140 [restartedMain] INFO  org.apache.catalina.core.StandardEngine - Starting Servlet engine: [Apache Tomcat/10.1.49]
2025-12-24 00:23:42.210 [restartedMain] INFO  o.a.c.c.ContainerBase.[Tomcat-2].[localhost].[/] - Initializing Spring embedded WebApplicationContext
2025-12-24 00:23:42.210 [restartedMain] INFO  o.s.b.w.s.c.ServletWebServerApplicationContext - Root WebApplicationContext: initialization completed in 1196 ms
2025-12-24 00:23:43.391 [restartedMain] INFO  o.s.b.d.autoconfigure.OptionalLiveReloadServer - LiveReload server is running on port 35729
2025-12-24 00:23:43.415 [restartedMain] INFO  o.s.boot.web.embedded.tomcat.TomcatWebServer - Tomcat started on port 8080 (http) with context path '/'
2025-12-24 00:23:43.422 [restartedMain] INFO  com.jacob.WebApplication - Started WebApplication in 2.52 seconds (process running for 4684.295)
2025-12-24 00:23:43.423 [restartedMain] INFO  com.zaxxer.hikari.HikariDataSource - HikariPool-3 - Starting...
2025-12-24 00:23:43.428 [restartedMain] INFO  com.zaxxer.hikari.pool.HikariPool - HikariPool-3 - Added connection com.p6spy.engine.wrapper.ConnectionWrapper@f1a86fc
2025-12-24 00:23:43.428 [restartedMain] INFO  com.zaxxer.hikari.HikariDataSource - HikariPool-3 - Start completed.
2025-12-24 00:23:43.484 [restartedMain] INFO  com.jacob.InitRun - 服务器启动成功！总耗时1154毫秒
2025-12-24 00:23:43.485 [restartedMain] INFO  o.s.b.d.a.ConditionEvaluationDeltaLoggingListener - Condition evaluation unchanged
2025-12-24 00:32:18.184 [File Watcher] INFO  o.s.b.d.a.LocalDevToolsAutoConfiguration$RestartingClassPathChangeChangedEventListener - Restarting due to 7 class path changes (0 additions, 6 deletions, 1 modification)
2025-12-24 00:32:18.189 [Thread-17] INFO  o.s.boot.web.embedded.tomcat.GracefulShutdown - Commencing graceful shutdown. Waiting for active requests to complete
2025-12-24 00:32:19.212 [tomcat-shutdown] INFO  o.s.boot.web.embedded.tomcat.GracefulShutdown - Graceful shutdown complete
2025-12-24 00:32:19.220 [Thread-17] INFO  com.zaxxer.hikari.HikariDataSource - HikariPool-3 - Shutdown initiated...
2025-12-24 00:32:19.224 [Thread-17] INFO  com.zaxxer.hikari.HikariDataSource - HikariPool-3 - Shutdown completed.
2025-12-24 00:32:19.357 [restartedMain] INFO  com.jacob.WebApplication - Starting WebApplication using Java 17.0.4.1 with PID 35224 (C:\Users\16921\IdeaProjects\pet-health\web\target\classes started by 16921 in C:\Users\16921\IdeaProjects\pet-health)
2025-12-24 00:32:19.357 [restartedMain] INFO  com.jacob.WebApplication - No active profile set, falling back to 1 default profile: "default"
2025-12-24 00:32:20.028 [restartedMain] INFO  o.s.d.r.config.RepositoryConfigurationDelegate - Multiple Spring Data modules found, entering strict repository configuration mode
2025-12-24 00:32:20.029 [restartedMain] INFO  o.s.d.r.config.RepositoryConfigurationDelegate - Bootstrapping Spring Data Redis repositories in DEFAULT mode.
2025-12-24 00:32:20.052 [restartedMain] INFO  o.s.d.r.config.RepositoryConfigurationDelegate - Finished Spring Data repository scanning in 22 ms. Found 0 Redis repository interfaces.
2025-12-24 00:32:20.352 [restartedMain] INFO  o.s.boot.web.embedded.tomcat.TomcatWebServer - Tomcat initialized with port 8080 (http)
2025-12-24 00:32:20.353 [restartedMain] INFO  org.apache.catalina.core.StandardService - Starting service [Tomcat]
2025-12-24 00:32:20.353 [restartedMain] INFO  org.apache.catalina.core.StandardEngine - Starting Servlet engine: [Apache Tomcat/10.1.49]
2025-12-24 00:32:20.412 [restartedMain] INFO  o.a.c.c.ContainerBase.[Tomcat-2].[localhost].[/] - Initializing Spring embedded WebApplicationContext
2025-12-24 00:32:20.412 [restartedMain] INFO  o.s.b.w.s.c.ServletWebServerApplicationContext - Root WebApplicationContext: initialization completed in 1049 ms
2025-12-24 00:32:20.567 [restartedMain] WARN  o.s.b.w.s.c.AnnotationConfigServletWebServerApplicationContext - Exception encountered during context initialization - cancelling refresh attempt: org.springframework.beans.factory.BeanCreationException: Error creating bean with name 'userController' defined in file [C:\Users\16921\IdeaProjects\pet-health\web\target\classes\com\jacob\web\UserController.class]: Post-processing of merged bean definition failed
2025-12-24 00:32:20.570 [restartedMain] INFO  org.apache.catalina.core.StandardService - Stopping service [Tomcat]
2025-12-24 00:32:20.577 [restartedMain] INFO  o.s.b.a.logging.ConditionEvaluationReportLogger - 

Error starting ApplicationContext. To display the condition evaluation report re-run your application with 'debug' enabled.
2025-12-24 00:32:20.596 [restartedMain] ERROR org.springframework.boot.SpringApplication - Application run failed
org.springframework.beans.factory.BeanCreationException: Error creating bean with name 'userController' defined in file [C:\Users\16921\IdeaProjects\pet-health\web\target\classes\com\jacob\web\UserController.class]: Post-processing of merged bean definition failed
	at org.springframework.beans.factory.support.AbstractAutowireCapableBeanFactory.doCreateBean(AbstractAutowireCapableBeanFactory.java:584) ~[spring-beans-6.2.14.jar:6.2.14]
	at org.springframework.beans.factory.support.AbstractAutowireCapableBeanFactory.createBean(AbstractAutowireCapableBeanFactory.java:529) ~[spring-beans-6.2.14.jar:6.2.14]
	at org.springframework.beans.factory.support.AbstractBeanFactory.lambda$doGetBean$0(AbstractBeanFactory.java:339) ~[spring-beans-6.2.14.jar:6.2.14]
	at org.springframework.beans.factory.support.DefaultSingletonBeanRegistry.getSingleton(DefaultSingletonBeanRegistry.java:373) ~[spring-beans-6.2.14.jar:6.2.14]
	at org.springframework.beans.factory.support.AbstractBeanFactory.doGetBean(AbstractBeanFactory.java:337) ~[spring-beans-6.2.14.jar:6.2.14]
	at org.springframework.beans.factory.support.AbstractBeanFactory.getBean(AbstractBeanFactory.java:202) ~[spring-beans-6.2.14.jar:6.2.14]
	at org.springframework.beans.factory.support.DefaultListableBeanFactory.instantiateSingleton(DefaultListableBeanFactory.java:1228) ~[spring-beans-6.2.14.jar:6.2.14]
	at org.springframework.beans.factory.support.DefaultListableBeanFactory.preInstantiateSingleton(DefaultListableBeanFactory.java:1194) ~[spring-beans-6.2.14.jar:6.2.14]
	at org.springframework.beans.factory.support.DefaultListableBeanFactory.preInstantiateSingletons(DefaultListableBeanFactory.java:1130) ~[spring-beans-6.2.14.jar:6.2.14]
	at org.springframework.context.support.AbstractApplicationContext.finishBeanFactoryInitialization(AbstractApplicationContext.java:990) ~[spring-context-6.2.14.jar:6.2.14]
	at org.springframework.context.support.AbstractApplicationContext.refresh(AbstractApplicationContext.java:627) ~[spring-context-6.2.14.jar:6.2.14]
	at org.springframework.boot.web.servlet.context.ServletWebServerApplicationContext.refresh(ServletWebServerApplicationContext.java:146) ~[spring-boot-3.5.8.jar:3.5.8]
	at org.springframework.boot.SpringApplication.refresh(SpringApplication.java:752) ~[spring-boot-3.5.8.jar:3.5.8]
	at org.springframework.boot.SpringApplication.refreshContext(SpringApplication.java:439) ~[spring-boot-3.5.8.jar:3.5.8]
	at org.springframework.boot.SpringApplication.run(SpringApplication.java:318) ~[spring-boot-3.5.8.jar:3.5.8]
	at org.springframework.boot.SpringApplication.run(SpringApplication.java:1361) ~[spring-boot-3.5.8.jar:3.5.8]
	at org.springframework.boot.SpringApplication.run(SpringApplication.java:1350) ~[spring-boot-3.5.8.jar:3.5.8]
	at com.jacob.WebApplication.main(WebApplication.java:20) ~[classes/:na]
	at java.base/jdk.internal.reflect.NativeMethodAccessorImpl.invoke0(Native Method) ~[na:na]
	at java.base/jdk.internal.reflect.NativeMethodAccessorImpl.invoke(NativeMethodAccessorImpl.java:77) ~[na:na]
	at java.base/jdk.internal.reflect.DelegatingMethodAccessorImpl.invoke(DelegatingMethodAccessorImpl.java:43) ~[na:na]
	at java.base/java.lang.reflect.Method.invoke(Method.java:568) ~[na:na]
	at org.springframework.boot.devtools.restart.RestartLauncher.run(RestartLauncher.java:50) ~[spring-boot-devtools-3.5.8.jar:3.5.8]
Caused by: java.lang.IllegalStateException: Failed to introspect Class [com.jacob.web.UserController] from ClassLoader [org.springframework.boot.devtools.restart.classloader.RestartClassLoader@21b05785]
	at org.springframework.util.ReflectionUtils.getDeclaredFields(ReflectionUtils.java:756) ~[spring-core-6.2.14.jar:6.2.14]
	at org.springframework.util.ReflectionUtils.doWithLocalFields(ReflectionUtils.java:689) ~[spring-core-6.2.14.jar:6.2.14]
	at org.springframework.context.annotation.CommonAnnotationBeanPostProcessor.buildResourceMetadata(CommonAnnotationBeanPostProcessor.java:432) ~[spring-context-6.2.14.jar:6.2.14]
	at org.springframework.context.annotation.CommonAnnotationBeanPostProcessor.findResourceMetadata(CommonAnnotationBeanPostProcessor.java:413) ~[spring-context-6.2.14.jar:6.2.14]
	at org.springframework.context.annotation.CommonAnnotationBeanPostProcessor.postProcessMergedBeanDefinition(CommonAnnotationBeanPostProcessor.java:313) ~[spring-context-6.2.14.jar:6.2.14]
	at org.springframework.beans.factory.support.AbstractAutowireCapableBeanFactory.applyMergedBeanDefinitionPostProcessors(AbstractAutowireCapableBeanFactory.java:1123) ~[spring-beans-6.2.14.jar:6.2.14]
	at org.springframework.beans.factory.support.AbstractAutowireCapableBeanFactory.doCreateBean(AbstractAutowireCapableBeanFactory.java:581) ~[spring-beans-6.2.14.jar:6.2.14]
	... 22 common frames omitted
Caused by: java.lang.NoClassDefFoundError: com/jacob/service/user/userInfo/SysUserInfoService
	at java.base/java.lang.Class.getDeclaredFields0(Native Method) ~[na:na]
	at java.base/java.lang.Class.privateGetDeclaredFields(Class.java:3297) ~[na:na]
	at java.base/java.lang.Class.getDeclaredFields(Class.java:2371) ~[na:na]
	at org.springframework.util.ReflectionUtils.getDeclaredFields(ReflectionUtils.java:751) ~[spring-core-6.2.14.jar:6.2.14]
	... 28 common frames omitted
Caused by: java.lang.ClassNotFoundException: com.jacob.service.user.userInfo.SysUserInfoService
	at java.base/jdk.internal.loader.BuiltinClassLoader.loadClass(BuiltinClassLoader.java:641) ~[na:na]
	at java.base/jdk.internal.loader.ClassLoaders$AppClassLoader.loadClass(ClassLoaders.java:188) ~[na:na]
	at java.base/java.lang.ClassLoader.loadClass(ClassLoader.java:520) ~[na:na]
	at java.base/java.lang.Class.forName0(Native Method) ~[na:na]
	at java.base/java.lang.Class.forName(Class.java:467) ~[na:na]
	at org.springframework.boot.devtools.restart.classloader.RestartClassLoader.loadClass(RestartClassLoader.java:121) ~[spring-boot-devtools-3.5.8.jar:3.5.8]
	at java.base/java.lang.ClassLoader.loadClass(ClassLoader.java:520) ~[na:na]
	... 32 common frames omitted
2025-12-24 00:33:00.141 [restartedMain] INFO  com.jacob.WebApplication - Starting WebApplication using Java 17.0.4.1 with PID 13820 (C:\Users\16921\IdeaProjects\pet-health\web\target\classes started by 16921 in C:\Users\16921\IdeaProjects\pet-health)
2025-12-24 00:33:00.144 [restartedMain] INFO  com.jacob.WebApplication - No active profile set, falling back to 1 default profile: "default"
2025-12-24 00:33:00.232 [restartedMain] INFO  o.s.b.d.env.DevToolsPropertyDefaultsPostProcessor - Devtools property defaults active! Set 'spring.devtools.add-properties' to 'false' to disable
2025-12-24 00:33:00.232 [restartedMain] INFO  o.s.b.d.env.DevToolsPropertyDefaultsPostProcessor - For additional web related logging consider setting the 'logging.level.web' property to 'DEBUG'
2025-12-24 00:33:01.677 [restartedMain] INFO  o.s.d.r.config.RepositoryConfigurationDelegate - Multiple Spring Data modules found, entering strict repository configuration mode
2025-12-24 00:33:01.682 [restartedMain] INFO  o.s.d.r.config.RepositoryConfigurationDelegate - Bootstrapping Spring Data Redis repositories in DEFAULT mode.
2025-12-24 00:33:01.744 [restartedMain] INFO  o.s.d.r.config.RepositoryConfigurationDelegate - Finished Spring Data repository scanning in 40 ms. Found 0 Redis repository interfaces.
2025-12-24 00:33:01.967 [restartedMain] DEBUG org.apache.ibatis.logging.LogFactory - Logging initialized using 'class org.apache.ibatis.logging.slf4j.Slf4jImpl' adapter.
2025-12-24 00:33:02.997 [restartedMain] INFO  o.s.boot.web.embedded.tomcat.TomcatWebServer - Tomcat initialized with port 8080 (http)
2025-12-24 00:33:03.020 [restartedMain] INFO  org.apache.catalina.core.StandardService - Starting service [Tomcat]
2025-12-24 00:33:03.020 [restartedMain] INFO  org.apache.catalina.core.StandardEngine - Starting Servlet engine: [Apache Tomcat/10.1.49]
2025-12-24 00:33:03.117 [restartedMain] INFO  o.a.c.core.ContainerBase.[Tomcat].[localhost].[/] - Initializing Spring embedded WebApplicationContext
2025-12-24 00:33:03.117 [restartedMain] INFO  o.s.b.w.s.c.ServletWebServerApplicationContext - Root WebApplicationContext: initialization completed in 2884 ms
2025-12-24 00:33:06.031 [restartedMain] INFO  o.s.b.d.autoconfigure.OptionalLiveReloadServer - LiveReload server is running on port 35729
2025-12-24 00:33:06.083 [restartedMain] INFO  o.s.boot.web.embedded.tomcat.TomcatWebServer - Tomcat started on port 8080 (http) with context path '/'
2025-12-24 00:33:06.096 [restartedMain] INFO  com.jacob.WebApplication - Started WebApplication in 6.747 seconds (process running for 8.153)
2025-12-24 00:33:06.102 [restartedMain] INFO  com.zaxxer.hikari.HikariDataSource - HikariPool-1 - Starting...
2025-12-24 00:33:06.458 [restartedMain] INFO  com.zaxxer.hikari.pool.HikariPool - HikariPool-1 - Added connection com.p6spy.engine.wrapper.ConnectionWrapper@3d0360c
2025-12-24 00:33:06.461 [restartedMain] INFO  com.zaxxer.hikari.HikariDataSource - HikariPool-1 - Start completed.
2025-12-24 00:33:07.177 [restartedMain] INFO  com.jacob.InitRun - 服务器启动成功！总耗时2838毫秒
2025-12-24 00:33:27.248 [http-nio-8080-exec-2] INFO  o.a.c.core.ContainerBase.[Tomcat].[localhost].[/] - Initializing Spring DispatcherServlet 'dispatcherServlet'
2025-12-24 00:33:27.248 [http-nio-8080-exec-2] INFO  org.springframework.web.servlet.DispatcherServlet - Initializing Servlet 'dispatcherServlet'
2025-12-24 00:33:27.249 [http-nio-8080-exec-2] INFO  org.springframework.web.servlet.DispatcherServlet - Completed initialization in 0 ms
2025-12-24 00:33:27.369 [http-nio-8080-exec-2] INFO  com.jacob.common.aspect.RequestLogAspect - IP=0:0:0:0:0:0:0:1-----------------------> GET 请求开始 请求路径="/user/analyze-time" 参数=[web/src/main/resources/templates/search_comments_2025-12-23.json]
2025-12-24 00:33:28.990 [http-nio-8080-exec-2] INFO  com.jacob.common.aspect.RequestLogAspect - -----------------------> GET 请求结束 请求路径="/user/analyze-time" 耗时:1583ms 返回结果={"status":null,"code":null,"info":null,"data":{"平均评论总数":"2.32","分散评论总数":1,"集中评论总数":71,"最集中时段":"2024-04-20 11","有效评论总数":3519,"最分散时段":"2023-06-05 09","标准差":"4.96"}}
2025-12-24 00:35:05.946 [File Watcher] INFO  o.s.b.d.a.LocalDevToolsAutoConfiguration$RestartingClassPathChangeChangedEventListener - Restarting due to 3 class path changes (0 additions, 3 deletions, 0 modifications)
2025-12-24 00:35:05.951 [Thread-5] INFO  o.s.boot.web.embedded.tomcat.GracefulShutdown - Commencing graceful shutdown. Waiting for active requests to complete
2025-12-24 00:35:06.914 [tomcat-shutdown] INFO  o.s.boot.web.embedded.tomcat.GracefulShutdown - Graceful shutdown complete
2025-12-24 00:35:06.954 [Thread-5] INFO  com.zaxxer.hikari.HikariDataSource - HikariPool-1 - Shutdown initiated...
2025-12-24 00:35:06.961 [Thread-5] INFO  com.zaxxer.hikari.HikariDataSource - HikariPool-1 - Shutdown completed.
2025-12-24 00:35:07.105 [restartedMain] INFO  com.jacob.WebApplication - Starting WebApplication using Java 17.0.4.1 with PID 13820 (C:\Users\16921\IdeaProjects\pet-health\web\target\classes started by 16921 in C:\Users\16921\IdeaProjects\pet-health)
2025-12-24 00:35:07.106 [restartedMain] INFO  com.jacob.WebApplication - No active profile set, falling back to 1 default profile: "default"
2025-12-24 00:35:07.885 [restartedMain] INFO  o.s.d.r.config.RepositoryConfigurationDelegate - Multiple Spring Data modules found, entering strict repository configuration mode
2025-12-24 00:35:07.885 [restartedMain] INFO  o.s.d.r.config.RepositoryConfigurationDelegate - Bootstrapping Spring Data Redis repositories in DEFAULT mode.
2025-12-24 00:35:07.925 [restartedMain] INFO  o.s.d.r.config.RepositoryConfigurationDelegate - Finished Spring Data repository scanning in 37 ms. Found 0 Redis repository interfaces.
2025-12-24 00:35:08.246 [restartedMain] INFO  o.s.boot.web.embedded.tomcat.TomcatWebServer - Tomcat initialized with port 8080 (http)
2025-12-24 00:35:08.247 [restartedMain] INFO  org.apache.catalina.core.StandardService - Starting service [Tomcat]
2025-12-24 00:35:08.248 [restartedMain] INFO  org.apache.catalina.core.StandardEngine - Starting Servlet engine: [Apache Tomcat/10.1.49]
2025-12-24 00:35:08.307 [restartedMain] INFO  o.a.c.core.ContainerBase.[Tomcat].[localhost].[/] - Initializing Spring embedded WebApplicationContext
2025-12-24 00:35:08.307 [restartedMain] INFO  o.s.b.w.s.c.ServletWebServerApplicationContext - Root WebApplicationContext: initialization completed in 1195 ms
2025-12-24 00:35:08.503 [restartedMain] WARN  o.s.b.w.s.c.AnnotationConfigServletWebServerApplicationContext - Exception encountered during context initialization - cancelling refresh attempt: org.springframework.beans.factory.UnsatisfiedDependencyException: Error creating bean with name 'userController': Unsatisfied dependency expressed through field 'sysUserInfoService': No qualifying bean of type 'com.jacob.service.user.userInfo.SysUserInfoService' available: expected at least 1 bean which qualifies as autowire candidate. Dependency annotations: {@org.springframework.beans.factory.annotation.Autowired(required=true)}
2025-12-24 00:35:08.507 [restartedMain] INFO  org.apache.catalina.core.StandardService - Stopping service [Tomcat]
2025-12-24 00:35:08.514 [restartedMain] INFO  o.s.b.a.logging.ConditionEvaluationReportLogger - 

Error starting ApplicationContext. To display the condition evaluation report re-run your application with 'debug' enabled.
2025-12-24 00:35:08.562 [restartedMain] ERROR o.s.b.diagnostics.LoggingFailureAnalysisReporter - 

***************************
APPLICATION FAILED TO START
***************************

Description:

Field sysUserInfoService in com.jacob.web.UserController required a bean of type 'com.jacob.service.user.userInfo.SysUserInfoService' that could not be found.

The injection point has the following annotations:
	- @org.springframework.beans.factory.annotation.Autowired(required=true)


Action:

Consider defining a bean of type 'com.jacob.service.user.userInfo.SysUserInfoService' in your configuration.

2025-12-24 00:35:10.119 [restartedMain] INFO  com.jacob.WebApplication - Starting WebApplication using Java 17.0.4.1 with PID 13820 (C:\Users\16921\IdeaProjects\pet-health\web\target\classes started by 16921 in C:\Users\16921\IdeaProjects\pet-health)
2025-12-24 00:35:10.119 [restartedMain] INFO  com.jacob.WebApplication - No active profile set, falling back to 1 default profile: "default"
2025-12-24 00:35:10.663 [restartedMain] INFO  o.s.d.r.config.RepositoryConfigurationDelegate - Multiple Spring Data modules found, entering strict repository configuration mode
2025-12-24 00:35:10.663 [restartedMain] INFO  o.s.d.r.config.RepositoryConfigurationDelegate - Bootstrapping Spring Data Redis repositories in DEFAULT mode.
2025-12-24 00:35:10.698 [restartedMain] INFO  o.s.d.r.config.RepositoryConfigurationDelegate - Finished Spring Data repository scanning in 33 ms. Found 0 Redis repository interfaces.
2025-12-24 00:35:10.904 [restartedMain] INFO  o.s.boot.web.embedded.tomcat.TomcatWebServer - Tomcat initialized with port 8080 (http)
2025-12-24 00:35:10.905 [restartedMain] INFO  org.apache.catalina.core.StandardService - Starting service [Tomcat]
2025-12-24 00:35:10.905 [restartedMain] INFO  org.apache.catalina.core.StandardEngine - Starting Servlet engine: [Apache Tomcat/10.1.49]
2025-12-24 00:35:10.954 [restartedMain] INFO  o.a.c.c.ContainerBase.[Tomcat-1].[localhost].[/] - Initializing Spring embedded WebApplicationContext
2025-12-24 00:35:10.954 [restartedMain] INFO  o.s.b.w.s.c.ServletWebServerApplicationContext - Root WebApplicationContext: initialization completed in 829 ms
2025-12-24 00:35:11.717 [restartedMain] INFO  o.s.b.d.autoconfigure.OptionalLiveReloadServer - LiveReload server is running on port 35729
2025-12-24 00:35:11.731 [restartedMain] INFO  o.s.boot.web.embedded.tomcat.TomcatWebServer - Tomcat started on port 8080 (http) with context path '/'
2025-12-24 00:35:11.734 [restartedMain] INFO  com.jacob.WebApplication - Started WebApplication in 1.675 seconds (process running for 133.79)
2025-12-24 00:35:11.735 [restartedMain] INFO  com.zaxxer.hikari.HikariDataSource - HikariPool-2 - Starting...
2025-12-24 00:35:11.740 [restartedMain] INFO  com.zaxxer.hikari.pool.HikariPool - HikariPool-2 - Added connection com.p6spy.engine.wrapper.ConnectionWrapper@9d5489a
2025-12-24 00:35:11.741 [restartedMain] INFO  com.zaxxer.hikari.HikariDataSource - HikariPool-2 - Start completed.
2025-12-24 00:35:11.774 [restartedMain] INFO  com.jacob.InitRun - 服务器启动成功！总耗时744毫秒
2025-12-24 00:35:11.776 [restartedMain] INFO  o.s.b.d.a.ConditionEvaluationDeltaLoggingListener - Condition evaluation unchanged
2025-12-24 00:35:15.863 [http-nio-8080-exec-2] INFO  o.a.c.c.ContainerBase.[Tomcat-1].[localhost].[/] - Initializing Spring DispatcherServlet 'dispatcherServlet'
2025-12-24 00:35:15.864 [http-nio-8080-exec-2] INFO  org.springframework.web.servlet.DispatcherServlet - Initializing Servlet 'dispatcherServlet'
2025-12-24 00:35:15.864 [http-nio-8080-exec-2] INFO  org.springframework.web.servlet.DispatcherServlet - Completed initialization in 0 ms
2025-12-24 00:35:15.868 [http-nio-8080-exec-2] INFO  com.jacob.common.aspect.RequestLogAspect - IP=0:0:0:0:0:0:0:1-----------------------> GET 请求开始 请求路径="/user/analyze-time" 参数=[web/src/main/resources/templates/search_comments_2025-12-23.json]
2025-12-24 00:35:16.499 [http-nio-8080-exec-2] INFO  com.jacob.common.aspect.RequestLogAspect - -----------------------> GET 请求结束 请求路径="/user/analyze-time" 耗时:631ms 返回结果={"status":null,"code":null,"info":null,"data":{"平均评论总数":"2.32","分散评论总数":1,"集中评论总数":71,"最集中时段":"2024-04-20 11","有效评论总数":3519,"最分散时段":"2023-06-05 09","标准差":"4.96"}}
2025-12-24 00:39:00.405 [File Watcher] INFO  o.s.b.d.a.LocalDevToolsAutoConfiguration$RestartingClassPathChangeChangedEventListener - Restarting due to 3 class path changes (0 additions, 3 deletions, 0 modifications)
2025-12-24 00:39:00.410 [Thread-7] INFO  o.s.boot.web.embedded.tomcat.GracefulShutdown - Commencing graceful shutdown. Waiting for active requests to complete
2025-12-24 00:39:01.399 [tomcat-shutdown] INFO  o.s.boot.web.embedded.tomcat.GracefulShutdown - Graceful shutdown complete
2025-12-24 00:39:01.408 [Thread-7] INFO  com.zaxxer.hikari.HikariDataSource - HikariPool-2 - Shutdown initiated...
2025-12-24 00:39:01.412 [Thread-7] INFO  com.zaxxer.hikari.HikariDataSource - HikariPool-2 - Shutdown completed.
2025-12-24 00:39:01.578 [restartedMain] INFO  com.jacob.WebApplication - Starting WebApplication using Java 17.0.4.1 with PID 13820 (C:\Users\16921\IdeaProjects\pet-health\web\target\classes started by 16921 in C:\Users\16921\IdeaProjects\pet-health)
2025-12-24 00:39:01.578 [restartedMain] INFO  com.jacob.WebApplication - No active profile set, falling back to 1 default profile: "default"
2025-12-24 00:39:02.399 [restartedMain] INFO  o.s.d.r.config.RepositoryConfigurationDelegate - Multiple Spring Data modules found, entering strict repository configuration mode
2025-12-24 00:39:02.400 [restartedMain] INFO  o.s.d.r.config.RepositoryConfigurationDelegate - Bootstrapping Spring Data Redis repositories in DEFAULT mode.
2025-12-24 00:39:02.521 [restartedMain] INFO  o.s.d.r.config.RepositoryConfigurationDelegate - Finished Spring Data repository scanning in 116 ms. Found 0 Redis repository interfaces.
2025-12-24 00:39:02.796 [restartedMain] INFO  o.s.boot.web.embedded.tomcat.TomcatWebServer - Tomcat initialized with port 8080 (http)
2025-12-24 00:39:02.797 [restartedMain] INFO  org.apache.catalina.core.StandardService - Starting service [Tomcat]
2025-12-24 00:39:02.797 [restartedMain] INFO  org.apache.catalina.core.StandardEngine - Starting Servlet engine: [Apache Tomcat/10.1.49]
2025-12-24 00:39:02.846 [restartedMain] INFO  o.a.c.c.ContainerBase.[Tomcat-1].[localhost].[/] - Initializing Spring embedded WebApplicationContext
2025-12-24 00:39:02.846 [restartedMain] INFO  o.s.b.w.s.c.ServletWebServerApplicationContext - Root WebApplicationContext: initialization completed in 1260 ms
2025-12-24 00:39:02.981 [restartedMain] WARN  o.s.b.w.s.c.AnnotationConfigServletWebServerApplicationContext - Exception encountered during context initialization - cancelling refresh attempt: org.springframework.beans.factory.UnsatisfiedDependencyException: Error creating bean with name 'userController': Unsatisfied dependency expressed through field 'sysUserInfoService': No qualifying bean of type 'com.jacob.service.user.userInfo.SysUserInfoService' available: expected at least 1 bean which qualifies as autowire candidate. Dependency annotations: {@org.springframework.beans.factory.annotation.Autowired(required=true)}
2025-12-24 00:39:02.985 [restartedMain] INFO  org.apache.catalina.core.StandardService - Stopping service [Tomcat]
2025-12-24 00:39:02.991 [restartedMain] INFO  o.s.b.a.logging.ConditionEvaluationReportLogger - 

Error starting ApplicationContext. To display the condition evaluation report re-run your application with 'debug' enabled.
2025-12-24 00:39:03.008 [restartedMain] ERROR o.s.b.diagnostics.LoggingFailureAnalysisReporter - 

***************************
APPLICATION FAILED TO START
***************************

Description:

Field sysUserInfoService in com.jacob.web.UserController required a bean of type 'com.jacob.service.user.userInfo.SysUserInfoService' that could not be found.

The injection point has the following annotations:
	- @org.springframework.beans.factory.annotation.Autowired(required=true)


Action:

Consider defining a bean of type 'com.jacob.service.user.userInfo.SysUserInfoService' in your configuration.

2025-12-24 00:39:04.576 [restartedMain] INFO  com.jacob.WebApplication - Starting WebApplication using Java 17.0.4.1 with PID 13820 (C:\Users\16921\IdeaProjects\pet-health\web\target\classes started by 16921 in C:\Users\16921\IdeaProjects\pet-health)
2025-12-24 00:39:04.576 [restartedMain] INFO  com.jacob.WebApplication - No active profile set, falling back to 1 default profile: "default"
2025-12-24 00:39:05.061 [restartedMain] INFO  o.s.d.r.config.RepositoryConfigurationDelegate - Multiple Spring Data modules found, entering strict repository configuration mode
2025-12-24 00:39:05.061 [restartedMain] INFO  o.s.d.r.config.RepositoryConfigurationDelegate - Bootstrapping Spring Data Redis repositories in DEFAULT mode.
2025-12-24 00:39:05.088 [restartedMain] INFO  o.s.d.r.config.RepositoryConfigurationDelegate - Finished Spring Data repository scanning in 24 ms. Found 0 Redis repository interfaces.
2025-12-24 00:39:05.282 [restartedMain] INFO  o.s.boot.web.embedded.tomcat.TomcatWebServer - Tomcat initialized with port 8080 (http)
2025-12-24 00:39:05.283 [restartedMain] INFO  org.apache.catalina.core.StandardService - Starting service [Tomcat]
2025-12-24 00:39:05.283 [restartedMain] INFO  org.apache.catalina.core.StandardEngine - Starting Servlet engine: [Apache Tomcat/10.1.49]
2025-12-24 00:39:05.329 [restartedMain] INFO  o.a.c.c.ContainerBase.[Tomcat-2].[localhost].[/] - Initializing Spring embedded WebApplicationContext
2025-12-24 00:39:05.330 [restartedMain] INFO  o.s.b.w.s.c.ServletWebServerApplicationContext - Root WebApplicationContext: initialization completed in 748 ms
2025-12-24 00:39:06.088 [restartedMain] INFO  o.s.b.d.autoconfigure.OptionalLiveReloadServer - LiveReload server is running on port 35729
2025-12-24 00:39:06.104 [restartedMain] INFO  o.s.boot.web.embedded.tomcat.TomcatWebServer - Tomcat started on port 8080 (http) with context path '/'
2025-12-24 00:39:06.109 [restartedMain] INFO  com.jacob.WebApplication - Started WebApplication in 1.595 seconds (process running for 368.164)
2025-12-24 00:39:06.109 [restartedMain] INFO  com.zaxxer.hikari.HikariDataSource - HikariPool-3 - Starting...
2025-12-24 00:39:06.113 [restartedMain] INFO  com.zaxxer.hikari.pool.HikariPool - HikariPool-3 - Added connection com.p6spy.engine.wrapper.ConnectionWrapper@3242acbd
2025-12-24 00:39:06.114 [restartedMain] INFO  com.zaxxer.hikari.HikariDataSource - HikariPool-3 - Start completed.
2025-12-24 00:39:06.149 [restartedMain] INFO  com.jacob.InitRun - 服务器启动成功！总耗时743毫秒
2025-12-24 00:39:06.149 [restartedMain] INFO  o.s.b.d.a.ConditionEvaluationDeltaLoggingListener - Condition evaluation unchanged
2025-12-24 00:39:11.964 [http-nio-8080-exec-10] INFO  o.a.c.c.ContainerBase.[Tomcat-2].[localhost].[/] - Initializing Spring DispatcherServlet 'dispatcherServlet'
2025-12-24 00:39:11.964 [http-nio-8080-exec-10] INFO  org.springframework.web.servlet.DispatcherServlet - Initializing Servlet 'dispatcherServlet'
2025-12-24 00:39:11.966 [http-nio-8080-exec-10] INFO  org.springframework.web.servlet.DispatcherServlet - Completed initialization in 2 ms
2025-12-24 00:39:11.971 [http-nio-8080-exec-10] INFO  com.jacob.common.aspect.RequestLogAspect - IP=0:0:0:0:0:0:0:1-----------------------> GET 请求开始 请求路径="/user/analyze-time" 参数=[web/src/main/resources/templates/search_comments_2025-12-23.json]
2025-12-24 00:39:12.250 [http-nio-8080-exec-10] INFO  com.jacob.common.aspect.RequestLogAspect - -----------------------> GET 请求结束 请求路径="/user/analyze-time" 耗时:277ms 返回结果={"status":null,"code":null,"info":null,"data":{"平均评论总数":"2.32","分散评论总数":1,"集中评论总数":71,"最集中时段":"2024-04-20 11","有效评论总数":3519,"最分散时段":"2023-06-05 09","标准差":"4.96"}}
2025-12-24 00:41:36.061 [File Watcher] INFO  o.s.b.d.a.LocalDevToolsAutoConfiguration$RestartingClassPathChangeChangedEventListener - Restarting due to 3 class path changes (0 additions, 3 deletions, 0 modifications)
2025-12-24 00:41:36.063 [Thread-14] INFO  o.s.boot.web.embedded.tomcat.GracefulShutdown - Commencing graceful shutdown. Waiting for active requests to complete
2025-12-24 00:41:37.070 [tomcat-shutdown] INFO  o.s.boot.web.embedded.tomcat.GracefulShutdown - Graceful shutdown complete
2025-12-24 00:41:37.079 [Thread-14] INFO  com.zaxxer.hikari.HikariDataSource - HikariPool-3 - Shutdown initiated...
2025-12-24 00:41:37.083 [Thread-14] INFO  com.zaxxer.hikari.HikariDataSource - HikariPool-3 - Shutdown completed.
2025-12-24 00:41:37.273 [restartedMain] INFO  com.jacob.WebApplication - Starting WebApplication using Java 17.0.4.1 with PID 13820 (C:\Users\16921\IdeaProjects\pet-health\web\target\classes started by 16921 in C:\Users\16921\IdeaProjects\pet-health)
2025-12-24 00:41:37.273 [restartedMain] INFO  com.jacob.WebApplication - No active profile set, falling back to 1 default profile: "default"
2025-12-24 00:41:38.141 [restartedMain] INFO  o.s.d.r.config.RepositoryConfigurationDelegate - Multiple Spring Data modules found, entering strict repository configuration mode
2025-12-24 00:41:38.141 [restartedMain] INFO  o.s.d.r.config.RepositoryConfigurationDelegate - Bootstrapping Spring Data Redis repositories in DEFAULT mode.
2025-12-24 00:41:38.173 [restartedMain] INFO  o.s.d.r.config.RepositoryConfigurationDelegate - Finished Spring Data repository scanning in 29 ms. Found 0 Redis repository interfaces.
2025-12-24 00:41:38.410 [restartedMain] INFO  o.s.boot.web.embedded.tomcat.TomcatWebServer - Tomcat initialized with port 8080 (http)
2025-12-24 00:41:38.411 [restartedMain] INFO  org.apache.catalina.core.StandardService - Starting service [Tomcat]
2025-12-24 00:41:38.411 [restartedMain] INFO  org.apache.catalina.core.StandardEngine - Starting Servlet engine: [Apache Tomcat/10.1.49]
2025-12-24 00:41:38.469 [restartedMain] INFO  o.a.c.c.ContainerBase.[Tomcat-2].[localhost].[/] - Initializing Spring embedded WebApplicationContext
2025-12-24 00:41:38.469 [restartedMain] INFO  o.s.b.w.s.c.ServletWebServerApplicationContext - Root WebApplicationContext: initialization completed in 1185 ms
2025-12-24 00:41:38.643 [restartedMain] WARN  o.s.b.w.s.c.AnnotationConfigServletWebServerApplicationContext - Exception encountered during context initialization - cancelling refresh attempt: org.springframework.beans.factory.UnsatisfiedDependencyException: Error creating bean with name 'userController': Unsatisfied dependency expressed through field 'sysUserInfoService': No qualifying bean of type 'com.jacob.service.user.userInfo.SysUserInfoService' available: expected at least 1 bean which qualifies as autowire candidate. Dependency annotations: {@org.springframework.beans.factory.annotation.Autowired(required=true)}
2025-12-24 00:41:38.647 [restartedMain] INFO  org.apache.catalina.core.StandardService - Stopping service [Tomcat]
2025-12-24 00:41:38.653 [restartedMain] INFO  o.s.b.a.logging.ConditionEvaluationReportLogger - 

Error starting ApplicationContext. To display the condition evaluation report re-run your application with 'debug' enabled.
2025-12-24 00:41:38.672 [restartedMain] ERROR o.s.b.diagnostics.LoggingFailureAnalysisReporter - 

***************************
APPLICATION FAILED TO START
***************************

Description:

Field sysUserInfoService in com.jacob.web.UserController required a bean of type 'com.jacob.service.user.userInfo.SysUserInfoService' that could not be found.

The injection point has the following annotations:
	- @org.springframework.beans.factory.annotation.Autowired(required=true)


Action:

Consider defining a bean of type 'com.jacob.service.user.userInfo.SysUserInfoService' in your configuration.

2025-12-24 00:41:58.823 [restartedMain] INFO  com.jacob.WebApplication - Starting WebApplication using Java 17.0.4.1 with PID 26416 (C:\Users\16921\IdeaProjects\pet-health\web\target\classes started by 16921 in C:\Users\16921\IdeaProjects\pet-health)
2025-12-24 00:41:58.826 [restartedMain] INFO  com.jacob.WebApplication - No active profile set, falling back to 1 default profile: "default"
2025-12-24 00:41:58.935 [restartedMain] INFO  o.s.b.d.env.DevToolsPropertyDefaultsPostProcessor - Devtools property defaults active! Set 'spring.devtools.add-properties' to 'false' to disable
2025-12-24 00:41:58.935 [restartedMain] INFO  o.s.b.d.env.DevToolsPropertyDefaultsPostProcessor - For additional web related logging consider setting the 'logging.level.web' property to 'DEBUG'
2025-12-24 00:42:00.688 [restartedMain] INFO  o.s.d.r.config.RepositoryConfigurationDelegate - Multiple Spring Data modules found, entering strict repository configuration mode
2025-12-24 00:42:00.693 [restartedMain] INFO  o.s.d.r.config.RepositoryConfigurationDelegate - Bootstrapping Spring Data Redis repositories in DEFAULT mode.
2025-12-24 00:42:00.772 [restartedMain] INFO  o.s.d.r.config.RepositoryConfigurationDelegate - Finished Spring Data repository scanning in 52 ms. Found 0 Redis repository interfaces.
2025-12-24 00:42:01.032 [restartedMain] DEBUG org.apache.ibatis.logging.LogFactory - Logging initialized using 'class org.apache.ibatis.logging.slf4j.Slf4jImpl' adapter.
2025-12-24 00:42:02.256 [restartedMain] INFO  o.s.boot.web.embedded.tomcat.TomcatWebServer - Tomcat initialized with port 8080 (http)
2025-12-24 00:42:02.282 [restartedMain] INFO  org.apache.catalina.core.StandardService - Starting service [Tomcat]
2025-12-24 00:42:02.282 [restartedMain] INFO  org.apache.catalina.core.StandardEngine - Starting Servlet engine: [Apache Tomcat/10.1.49]
2025-12-24 00:42:02.395 [restartedMain] INFO  o.a.c.core.ContainerBase.[Tomcat].[localhost].[/] - Initializing Spring embedded WebApplicationContext
2025-12-24 00:42:02.395 [restartedMain] INFO  o.s.b.w.s.c.ServletWebServerApplicationContext - Root WebApplicationContext: initialization completed in 3458 ms
2025-12-24 00:42:05.247 [restartedMain] INFO  o.s.b.d.autoconfigure.OptionalLiveReloadServer - LiveReload server is running on port 35729
2025-12-24 00:42:05.311 [restartedMain] INFO  o.s.boot.web.embedded.tomcat.TomcatWebServer - Tomcat started on port 8080 (http) with context path '/'
2025-12-24 00:42:05.327 [restartedMain] INFO  com.jacob.WebApplication - Started WebApplication in 7.46 seconds (process running for 8.73)
2025-12-24 00:42:05.333 [restartedMain] INFO  com.zaxxer.hikari.HikariDataSource - HikariPool-1 - Starting...
2025-12-24 00:42:05.647 [restartedMain] INFO  com.zaxxer.hikari.pool.HikariPool - HikariPool-1 - Added connection com.p6spy.engine.wrapper.ConnectionWrapper@193502c1
2025-12-24 00:42:05.651 [restartedMain] INFO  com.zaxxer.hikari.HikariDataSource - HikariPool-1 - Start completed.
2025-12-24 00:42:06.443 [restartedMain] INFO  com.jacob.InitRun - 服务器启动成功！总耗时2767毫秒
2025-12-24 00:42:14.712 [http-nio-8080-exec-2] INFO  o.a.c.core.ContainerBase.[Tomcat].[localhost].[/] - Initializing Spring DispatcherServlet 'dispatcherServlet'
2025-12-24 00:42:14.714 [http-nio-8080-exec-2] INFO  org.springframework.web.servlet.DispatcherServlet - Initializing Servlet 'dispatcherServlet'
2025-12-24 00:42:14.715 [http-nio-8080-exec-2] INFO  org.springframework.web.servlet.DispatcherServlet - Completed initialization in 1 ms
2025-12-24 00:42:14.805 [http-nio-8080-exec-2] INFO  com.jacob.common.aspect.RequestLogAspect - IP=0:0:0:0:0:0:0:1-----------------------> GET 请求开始 请求路径="/user/analyze-time" 参数=[web/src/main/resources/templates/search_comments_2025-12-23.json]
2025-12-24 00:42:16.050 [http-nio-8080-exec-2] INFO  com.jacob.common.aspect.RequestLogAspect - -----------------------> GET 请求结束 请求路径="/user/analyze-time" 耗时:1211ms 返回结果={"status":null,"code":null,"info":null,"data":{"平均评论总数":"2.32","分散评论总数":1,"集中评论总数":71,"最集中时段":"2024-04-20 11","有效评论总数":3519,"最分散时段":"2023-06-05 09","标准差":"4.96"}}
2025-12-24 00:45:15.856 [http-nio-8080-exec-4] INFO  com.jacob.common.aspect.RequestLogAspect - IP=0:0:0:0:0:0:0:1-----------------------> GET 请求开始 请求路径="/user/analyze-time" 参数=[web/src/main/resources/templates/search_comments_2025-12-24.json]
2025-12-24 00:45:16.106 [http-nio-8080-exec-4] INFO  com.jacob.common.aspect.RequestLogAspect - -----------------------> GET 请求结束 请求路径="/user/analyze-time" 耗时:250ms 返回结果={"status":null,"code":null,"info":null,"data":{"平均评论总数":"4.25","分散评论总数":1,"集中评论总数":66,"最集中时段":"2024-04-07 18","有效评论总数":2820,"最分散时段":"2024-10-17 17","标准差":"8.05"}}
2025-12-24 00:46:37.173 [http-nio-8080-exec-8] INFO  com.jacob.common.aspect.RequestLogAspect - IP=0:0:0:0:0:0:0:1-----------------------> GET 请求开始 请求路径="/user/extractContent" 参数=[web/src/main/resources/templates/search_comments_2025-12-24.json]
2025-12-24 00:46:37.200 [http-nio-8080-exec-8] INFO  c.j.s.user.userInfo.impl.SysUserInfoServiceImpl - 成功提取2649条content，生成TXT文件：web/src/main/resources/output/comments_content.txt
2025-12-24 00:46:37.201 [http-nio-8080-exec-8] INFO  com.jacob.common.aspect.RequestLogAspect - -----------------------> GET 请求结束 请求路径="/user/extractContent" 耗时:28ms 返回结果={"status":null,"code":null,"info":null,"data":null}
2025-12-24 01:25:08.872 [http-nio-8080-exec-10] INFO  com.jacob.common.aspect.RequestLogAspect - IP=0:0:0:0:0:0:0:1-----------------------> GET 请求开始 请求路径="/user/extractContent" 参数=[web/src/main/resources/templates/search_comments_2025-12-24.json]
2025-12-24 01:25:08.924 [http-nio-8080-exec-10] INFO  c.j.s.user.userInfo.impl.SysUserInfoServiceImpl - 成功提取2649条content，生成TXT文件：web/src/main/resources/output/comments_content.txt
2025-12-24 01:25:08.929 [http-nio-8080-exec-10] INFO  com.jacob.common.aspect.RequestLogAspect - -----------------------> GET 请求结束 请求路径="/user/extractContent" 耗时:55ms 返回结果={"status":null,"code":null,"info":null,"data":null}
2025-12-24 01:25:13.189 [http-nio-8080-exec-2] INFO  com.jacob.common.aspect.RequestLogAspect - IP=0:0:0:0:0:0:0:1-----------------------> GET 请求开始 请求路径="/user/analyze-time" 参数=[web/src/main/resources/templates/search_comments_2025-12-24.json]
2025-12-24 01:25:13.498 [http-nio-8080-exec-2] INFO  com.jacob.common.aspect.RequestLogAspect - -----------------------> GET 请求结束 请求路径="/user/analyze-time" 耗时:309ms 返回结果={"status":null,"code":null,"info":null,"data":{"平均评论总数":"4.25","分散评论总数":1,"集中评论总数":66,"最集中时段":"2024-04-07 18","有效评论总数":2820,"最分散时段":"2024-10-17 17","标准差":"8.05"}}
2025-12-24 01:25:47.239 [File Watcher] INFO  o.s.b.d.a.LocalDevToolsAutoConfiguration$RestartingClassPathChangeChangedEventListener - Restarting due to 3 class path changes (0 additions, 3 deletions, 0 modifications)
2025-12-24 01:25:47.295 [Thread-5] INFO  o.s.boot.web.embedded.tomcat.GracefulShutdown - Commencing graceful shutdown. Waiting for active requests to complete
2025-12-24 01:25:47.475 [tomcat-shutdown] INFO  o.s.boot.web.embedded.tomcat.GracefulShutdown - Graceful shutdown complete
2025-12-24 01:25:47.560 [Thread-5] INFO  com.zaxxer.hikari.HikariDataSource - HikariPool-1 - Shutdown initiated...
2025-12-24 01:25:47.565 [Thread-5] INFO  com.zaxxer.hikari.HikariDataSource - HikariPool-1 - Shutdown completed.
2025-12-24 01:25:47.787 [restartedMain] INFO  com.jacob.WebApplication - Starting WebApplication using Java 17.0.4.1 with PID 26416 (C:\Users\16921\IdeaProjects\pet-health\web\target\classes started by 16921 in C:\Users\16921\IdeaProjects\pet-health)
2025-12-24 01:25:47.788 [restartedMain] INFO  com.jacob.WebApplication - No active profile set, falling back to 1 default profile: "default"
2025-12-24 01:25:48.423 [restartedMain] INFO  o.s.d.r.config.RepositoryConfigurationDelegate - Multiple Spring Data modules found, entering strict repository configuration mode
2025-12-24 01:25:48.423 [restartedMain] INFO  o.s.d.r.config.RepositoryConfigurationDelegate - Bootstrapping Spring Data Redis repositories in DEFAULT mode.
2025-12-24 01:25:48.453 [restartedMain] INFO  o.s.d.r.config.RepositoryConfigurationDelegate - Finished Spring Data repository scanning in 28 ms. Found 0 Redis repository interfaces.
2025-12-24 01:25:48.830 [restartedMain] INFO  o.s.boot.web.embedded.tomcat.TomcatWebServer - Tomcat initialized with port 8080 (http)
2025-12-24 01:25:48.832 [restartedMain] INFO  org.apache.catalina.core.StandardService - Starting service [Tomcat]
2025-12-24 01:25:48.832 [restartedMain] INFO  org.apache.catalina.core.StandardEngine - Starting Servlet engine: [Apache Tomcat/10.1.49]
2025-12-24 01:25:48.909 [restartedMain] INFO  o.a.c.core.ContainerBase.[Tomcat].[localhost].[/] - Initializing Spring embedded WebApplicationContext
2025-12-24 01:25:48.909 [restartedMain] INFO  o.s.b.w.s.c.ServletWebServerApplicationContext - Root WebApplicationContext: initialization completed in 1112 ms
2025-12-24 01:25:49.111 [restartedMain] WARN  o.s.b.w.s.c.AnnotationConfigServletWebServerApplicationContext - Exception encountered during context initialization - cancelling refresh attempt: org.springframework.beans.factory.UnsatisfiedDependencyException: Error creating bean with name 'userController': Unsatisfied dependency expressed through field 'sysUserInfoService': No qualifying bean of type 'com.jacob.service.user.userInfo.SysUserInfoService' available: expected at least 1 bean which qualifies as autowire candidate. Dependency annotations: {@org.springframework.beans.factory.annotation.Autowired(required=true)}
2025-12-24 01:25:49.116 [restartedMain] INFO  org.apache.catalina.core.StandardService - Stopping service [Tomcat]
2025-12-24 01:25:49.128 [restartedMain] INFO  o.s.b.a.logging.ConditionEvaluationReportLogger - 

Error starting ApplicationContext. To display the condition evaluation report re-run your application with 'debug' enabled.
2025-12-24 01:25:49.206 [restartedMain] ERROR o.s.b.diagnostics.LoggingFailureAnalysisReporter - 

***************************
APPLICATION FAILED TO START
***************************

Description:

Field sysUserInfoService in com.jacob.web.UserController required a bean of type 'com.jacob.service.user.userInfo.SysUserInfoService' that could not be found.

The injection point has the following annotations:
	- @org.springframework.beans.factory.annotation.Autowired(required=true)


Action:

Consider defining a bean of type 'com.jacob.service.user.userInfo.SysUserInfoService' in your configuration.

2025-12-24 01:25:50.762 [restartedMain] INFO  com.jacob.WebApplication - Starting WebApplication using Java 17.0.4.1 with PID 26416 (C:\Users\16921\IdeaProjects\pet-health\web\target\classes started by 16921 in C:\Users\16921\IdeaProjects\pet-health)
2025-12-24 01:25:50.762 [restartedMain] INFO  com.jacob.WebApplication - No active profile set, falling back to 1 default profile: "default"
2025-12-24 01:25:51.264 [restartedMain] INFO  o.s.d.r.config.RepositoryConfigurationDelegate - Multiple Spring Data modules found, entering strict repository configuration mode
2025-12-24 01:25:51.264 [restartedMain] INFO  o.s.d.r.config.RepositoryConfigurationDelegate - Bootstrapping Spring Data Redis repositories in DEFAULT mode.
2025-12-24 01:25:51.290 [restartedMain] INFO  o.s.d.r.config.RepositoryConfigurationDelegate - Finished Spring Data repository scanning in 25 ms. Found 0 Redis repository interfaces.
2025-12-24 01:25:51.483 [restartedMain] INFO  o.s.boot.web.embedded.tomcat.TomcatWebServer - Tomcat initialized with port 8080 (http)
2025-12-24 01:25:51.485 [restartedMain] INFO  org.apache.catalina.core.StandardService - Starting service [Tomcat]
2025-12-24 01:25:51.486 [restartedMain] INFO  org.apache.catalina.core.StandardEngine - Starting Servlet engine: [Apache Tomcat/10.1.49]
2025-12-24 01:25:51.534 [restartedMain] INFO  o.a.c.c.ContainerBase.[Tomcat-1].[localhost].[/] - Initializing Spring embedded WebApplicationContext
2025-12-24 01:25:51.534 [restartedMain] INFO  o.s.b.w.s.c.ServletWebServerApplicationContext - Root WebApplicationContext: initialization completed in 766 ms
2025-12-24 01:25:52.417 [restartedMain] INFO  o.s.b.d.autoconfigure.OptionalLiveReloadServer - LiveReload server is running on port 35729
2025-12-24 01:25:52.444 [restartedMain] INFO  o.s.boot.web.embedded.tomcat.TomcatWebServer - Tomcat started on port 8080 (http) with context path '/'
2025-12-24 01:25:52.448 [restartedMain] INFO  com.jacob.WebApplication - Started WebApplication in 1.747 seconds (process running for 2635.852)
2025-12-24 01:25:52.449 [restartedMain] INFO  com.zaxxer.hikari.HikariDataSource - HikariPool-2 - Starting...
2025-12-24 01:25:52.455 [restartedMain] INFO  com.zaxxer.hikari.pool.HikariPool - HikariPool-2 - Added connection com.p6spy.engine.wrapper.ConnectionWrapper@3f52f1d0
2025-12-24 01:25:52.456 [restartedMain] INFO  com.zaxxer.hikari.HikariDataSource - HikariPool-2 - Start completed.
2025-12-24 01:25:52.500 [restartedMain] INFO  com.jacob.InitRun - 服务器启动成功！总耗时879毫秒
2025-12-24 01:25:52.501 [restartedMain] INFO  o.s.b.d.a.ConditionEvaluationDeltaLoggingListener - Condition evaluation unchanged
2025-12-24 01:25:55.668 [http-nio-8080-exec-2] INFO  o.a.c.c.ContainerBase.[Tomcat-1].[localhost].[/] - Initializing Spring DispatcherServlet 'dispatcherServlet'
2025-12-24 01:25:55.668 [http-nio-8080-exec-2] INFO  org.springframework.web.servlet.DispatcherServlet - Initializing Servlet 'dispatcherServlet'
2025-12-24 01:25:55.669 [http-nio-8080-exec-2] INFO  org.springframework.web.servlet.DispatcherServlet - Completed initialization in 1 ms
2025-12-24 01:25:55.673 [http-nio-8080-exec-2] INFO  com.jacob.common.aspect.RequestLogAspect - IP=0:0:0:0:0:0:0:1-----------------------> GET 请求开始 请求路径="/user/analyze-time" 参数=[web/src/main/resources/templates/search_comments_2025-12-24.json]
2025-12-24 01:25:55.931 [http-nio-8080-exec-2] INFO  com.jacob.common.aspect.RequestLogAspect - -----------------------> GET 请求结束 请求路径="/user/analyze-time" 耗时:256ms 返回结果={"status":null,"code":null,"info":null,"data":{"平均评论总数":"4.25","分散评论总数":1,"集中评论总数":66,"最集中时段":"2024-04-07 18","有效评论总数":2820,"最分散时段":"2024-10-17 17","标准差":"8.05"}}
2025-12-24 01:26:28.415 [http-nio-8080-exec-3] INFO  com.jacob.common.aspect.RequestLogAspect - IP=0:0:0:0:0:0:0:1-----------------------> GET 请求开始 请求路径="/user/extractContent" 参数=[web/src/main/resources/templates/search_comments_2025-12-23.json]
2025-12-24 01:26:28.463 [http-nio-8080-exec-3] INFO  c.j.s.user.userInfo.impl.SysUserInfoServiceImpl - 成功提取3120条content，生成TXT文件：web/src/main/resources/output/comments_content.txt
2025-12-24 01:26:28.464 [http-nio-8080-exec-3] INFO  com.jacob.common.aspect.RequestLogAspect - -----------------------> GET 请求结束 请求路径="/user/extractContent" 耗时:49ms 返回结果={"status":null,"code":null,"info":null,"data":null}
2025-12-24 11:04:37.176 [HikariPool-2:housekeeper] WARN  com.zaxxer.hikari.pool.HikariPool - HikariPool-2 - Thread starvation or clock leap detected (housekeeper delta=9h34m47s363ms74µs700ns).
2025-12-24 21:17:28.898 [SpringApplicationShutdownHook] INFO  o.s.boot.web.embedded.tomcat.GracefulShutdown - Commencing graceful shutdown. Waiting for active requests to complete
2025-12-24 21:17:29.816 [tomcat-shutdown] INFO  o.s.boot.web.embedded.tomcat.GracefulShutdown - Graceful shutdown complete
2025-12-24 21:17:29.830 [SpringApplicationShutdownHook] INFO  com.zaxxer.hikari.HikariDataSource - HikariPool-2 - Shutdown initiated...
2025-12-24 21:17:29.832 [SpringApplicationShutdownHook] INFO  com.zaxxer.hikari.HikariDataSource - HikariPool-2 - Shutdown completed.
2025-12-24 21:17:41.026 [restartedMain] INFO  com.jacob.WebApplication - Starting WebApplication using Java 17.0.4.1 with PID 47192 (C:\Users\16921\IdeaProjects\pet-health\web\target\classes started by 16921 in C:\Users\16921\IdeaProjects\pet-health)
2025-12-24 21:17:41.030 [restartedMain] INFO  com.jacob.WebApplication - No active profile set, falling back to 1 default profile: "default"
2025-12-24 21:17:41.137 [restartedMain] INFO  o.s.b.d.env.DevToolsPropertyDefaultsPostProcessor - Devtools property defaults active! Set 'spring.devtools.add-properties' to 'false' to disable
2025-12-24 21:17:41.137 [restartedMain] INFO  o.s.b.d.env.DevToolsPropertyDefaultsPostProcessor - For additional web related logging consider setting the 'logging.level.web' property to 'DEBUG'
2025-12-24 21:17:42.878 [restartedMain] INFO  o.s.d.r.config.RepositoryConfigurationDelegate - Multiple Spring Data modules found, entering strict repository configuration mode
2025-12-24 21:17:42.884 [restartedMain] INFO  o.s.d.r.config.RepositoryConfigurationDelegate - Bootstrapping Spring Data Redis repositories in DEFAULT mode.
2025-12-24 21:17:42.961 [restartedMain] INFO  o.s.d.r.config.RepositoryConfigurationDelegate - Finished Spring Data repository scanning in 45 ms. Found 0 Redis repository interfaces.
2025-12-24 21:17:43.235 [restartedMain] DEBUG org.apache.ibatis.logging.LogFactory - Logging initialized using 'class org.apache.ibatis.logging.slf4j.Slf4jImpl' adapter.
2025-12-24 21:17:44.431 [restartedMain] INFO  o.s.boot.web.embedded.tomcat.TomcatWebServer - Tomcat initialized with port 8080 (http)
2025-12-24 21:17:44.462 [restartedMain] INFO  org.apache.catalina.core.StandardService - Starting service [Tomcat]
2025-12-24 21:17:44.462 [restartedMain] INFO  org.apache.catalina.core.StandardEngine - Starting Servlet engine: [Apache Tomcat/10.1.49]
2025-12-24 21:17:44.586 [restartedMain] INFO  o.a.c.core.ContainerBase.[Tomcat].[localhost].[/] - Initializing Spring embedded WebApplicationContext
2025-12-24 21:17:44.586 [restartedMain] INFO  o.s.b.w.s.c.ServletWebServerApplicationContext - Root WebApplicationContext: initialization completed in 3448 ms
2025-12-24 21:17:47.364 [restartedMain] INFO  o.s.b.d.autoconfigure.OptionalLiveReloadServer - LiveReload server is running on port 35729
2025-12-24 21:17:47.423 [restartedMain] INFO  o.s.boot.web.embedded.tomcat.TomcatWebServer - Tomcat started on port 8080 (http) with context path '/'
2025-12-24 21:17:47.440 [restartedMain] INFO  com.jacob.WebApplication - Started WebApplication in 7.677 seconds (process running for 9.538)
2025-12-24 21:17:47.446 [restartedMain] INFO  com.zaxxer.hikari.HikariDataSource - HikariPool-1 - Starting...
2025-12-24 21:17:47.770 [restartedMain] INFO  com.zaxxer.hikari.pool.HikariPool - HikariPool-1 - Added connection com.p6spy.engine.wrapper.ConnectionWrapper@183915d5
2025-12-24 21:17:47.774 [restartedMain] INFO  com.zaxxer.hikari.HikariDataSource - HikariPool-1 - Start completed.
2025-12-24 21:17:48.540 [restartedMain] INFO  com.jacob.InitRun - 服务器启动成功！总耗时2694毫秒
2025-12-24 22:18:56.929 [SpringApplicationShutdownHook] INFO  o.s.boot.web.embedded.tomcat.GracefulShutdown - Commencing graceful shutdown. Waiting for active requests to complete
2025-12-24 22:18:58.159 [tomcat-shutdown] INFO  o.s.boot.web.embedded.tomcat.GracefulShutdown - Graceful shutdown complete
2025-12-24 22:18:58.236 [SpringApplicationShutdownHook] INFO  com.zaxxer.hikari.HikariDataSource - HikariPool-1 - Shutdown initiated...
2025-12-24 22:18:58.242 [SpringApplicationShutdownHook] INFO  com.zaxxer.hikari.HikariDataSource - HikariPool-1 - Shutdown completed.
2025-12-24 22:19:08.330 [restartedMain] INFO  com.jacob.WebApplication - Starting WebApplication using Java 17.0.4.1 with PID 42524 (C:\Users\16921\IdeaProjects\pet-health\web\target\classes started by 16921 in C:\Users\16921\IdeaProjects\pet-health)
2025-12-24 22:19:08.333 [restartedMain] INFO  com.jacob.WebApplication - No active profile set, falling back to 1 default profile: "default"
2025-12-24 22:19:08.409 [restartedMain] INFO  o.s.b.d.env.DevToolsPropertyDefaultsPostProcessor - Devtools property defaults active! Set 'spring.devtools.add-properties' to 'false' to disable
2025-12-24 22:19:08.409 [restartedMain] INFO  o.s.b.d.env.DevToolsPropertyDefaultsPostProcessor - For additional web related logging consider setting the 'logging.level.web' property to 'DEBUG'
2025-12-24 22:19:09.647 [restartedMain] INFO  o.s.d.r.config.RepositoryConfigurationDelegate - Multiple Spring Data modules found, entering strict repository configuration mode
2025-12-24 22:19:09.652 [restartedMain] INFO  o.s.d.r.config.RepositoryConfigurationDelegate - Bootstrapping Spring Data Redis repositories in DEFAULT mode.
2025-12-24 22:19:09.717 [restartedMain] INFO  o.s.d.r.config.RepositoryConfigurationDelegate - Finished Spring Data repository scanning in 42 ms. Found 0 Redis repository interfaces.
2025-12-24 22:19:09.944 [restartedMain] DEBUG org.apache.ibatis.logging.LogFactory - Logging initialized using 'class org.apache.ibatis.logging.slf4j.Slf4jImpl' adapter.
2025-12-24 22:19:10.986 [restartedMain] INFO  o.s.boot.web.embedded.tomcat.TomcatWebServer - Tomcat initialized with port 8080 (http)
2025-12-24 22:19:11.025 [restartedMain] INFO  org.apache.catalina.core.StandardService - Starting service [Tomcat]
2025-12-24 22:19:11.026 [restartedMain] INFO  org.apache.catalina.core.StandardEngine - Starting Servlet engine: [Apache Tomcat/10.1.49]
2025-12-24 22:19:11.150 [restartedMain] INFO  o.a.c.core.ContainerBase.[Tomcat].[localhost].[/] - Initializing Spring embedded WebApplicationContext
2025-12-24 22:19:11.150 [restartedMain] INFO  o.s.b.w.s.c.ServletWebServerApplicationContext - Root WebApplicationContext: initialization completed in 2736 ms
2025-12-24 22:19:14.564 [restartedMain] INFO  o.s.b.d.autoconfigure.OptionalLiveReloadServer - LiveReload server is running on port 35729
2025-12-24 22:19:14.654 [restartedMain] INFO  o.s.boot.web.embedded.tomcat.TomcatWebServer - Tomcat started on port 8080 (http) with context path '/'
2025-12-24 22:19:14.666 [restartedMain] INFO  com.jacob.WebApplication - Started WebApplication in 7.08 seconds (process running for 8.716)
2025-12-24 22:19:14.671 [restartedMain] INFO  com.zaxxer.hikari.HikariDataSource - HikariPool-1 - Starting...
2025-12-24 22:19:15.018 [restartedMain] INFO  com.zaxxer.hikari.pool.HikariPool - HikariPool-1 - Added connection com.p6spy.engine.wrapper.ConnectionWrapper@229d43d0
2025-12-24 22:19:15.022 [restartedMain] INFO  com.zaxxer.hikari.HikariDataSource - HikariPool-1 - Start completed.
2025-12-24 22:19:15.746 [restartedMain] INFO  com.jacob.InitRun - 服务器启动成功！总耗时3361毫秒
2025-12-24 22:22:50.596 [File Watcher] INFO  o.s.b.d.a.LocalDevToolsAutoConfiguration$RestartingClassPathChangeChangedEventListener - Restarting due to 12 class path changes (0 additions, 0 deletions, 12 modifications)
2025-12-24 22:22:50.605 [Thread-5] INFO  o.s.boot.web.embedded.tomcat.GracefulShutdown - Commencing graceful shutdown. Waiting for active requests to complete
2025-12-24 22:22:51.867 [tomcat-shutdown] INFO  o.s.boot.web.embedded.tomcat.GracefulShutdown - Graceful shutdown complete
2025-12-24 22:22:51.904 [Thread-5] INFO  com.zaxxer.hikari.HikariDataSource - HikariPool-1 - Shutdown initiated...
2025-12-24 22:22:51.915 [Thread-5] INFO  com.zaxxer.hikari.HikariDataSource - HikariPool-1 - Shutdown completed.
2025-12-24 22:22:52.076 [restartedMain] INFO  com.jacob.WebApplication - Starting WebApplication using Java 17.0.4.1 with PID 42524 (C:\Users\16921\IdeaProjects\pet-health\web\target\classes started by 16921 in C:\Users\16921\IdeaProjects\pet-health)
2025-12-24 22:22:52.076 [restartedMain] INFO  com.jacob.WebApplication - No active profile set, falling back to 1 default profile: "default"
2025-12-24 22:22:52.882 [restartedMain] INFO  o.s.d.r.config.RepositoryConfigurationDelegate - Multiple Spring Data modules found, entering strict repository configuration mode
2025-12-24 22:22:52.882 [restartedMain] INFO  o.s.d.r.config.RepositoryConfigurationDelegate - Bootstrapping Spring Data Redis repositories in DEFAULT mode.
2025-12-24 22:22:52.918 [restartedMain] INFO  o.s.d.r.config.RepositoryConfigurationDelegate - Finished Spring Data repository scanning in 33 ms. Found 0 Redis repository interfaces.
2025-12-24 22:22:53.018 [restartedMain] WARN  org.mybatis.spring.mapper.ClassPathMapperScanner - No MyBatis mapper was found in '[com.jacob.dao.mappers]' package. Please check your configuration.
2025-12-24 22:22:53.228 [restartedMain] INFO  o.s.boot.web.embedded.tomcat.TomcatWebServer - Tomcat initialized with port 8080 (http)
2025-12-24 22:22:53.228 [restartedMain] INFO  org.apache.catalina.core.StandardService - Starting service [Tomcat]
2025-12-24 22:22:53.228 [restartedMain] INFO  org.apache.catalina.core.StandardEngine - Starting Servlet engine: [Apache Tomcat/10.1.49]
2025-12-24 22:22:53.299 [restartedMain] INFO  o.a.c.core.ContainerBase.[Tomcat].[localhost].[/] - Initializing Spring embedded WebApplicationContext
2025-12-24 22:22:53.299 [restartedMain] INFO  o.s.b.w.s.c.ServletWebServerApplicationContext - Root WebApplicationContext: initialization completed in 1215 ms
2025-12-24 22:22:53.476 [restartedMain] WARN  o.s.b.w.s.c.AnnotationConfigServletWebServerApplicationContext - Exception encountered during context initialization - cancelling refresh attempt: org.springframework.beans.factory.UnsatisfiedDependencyException: Error creating bean with name 'userController': Unsatisfied dependency expressed through field 'sysUserInfoService': Error creating bean with name 'sysUserInfoServiceImpl': Lookup method resolution failed
2025-12-24 22:22:53.481 [restartedMain] INFO  org.apache.catalina.core.StandardService - Stopping service [Tomcat]
2025-12-24 22:22:53.490 [restartedMain] INFO  o.s.b.a.logging.ConditionEvaluationReportLogger - 

Error starting ApplicationContext. To display the condition evaluation report re-run your application with 'debug' enabled.
2025-12-24 22:22:53.563 [restartedMain] ERROR org.springframework.boot.SpringApplication - Application run failed
org.springframework.beans.factory.UnsatisfiedDependencyException: Error creating bean with name 'userController': Unsatisfied dependency expressed through field 'sysUserInfoService': Error creating bean with name 'sysUserInfoServiceImpl': Lookup method resolution failed
	at org.springframework.beans.factory.annotation.AutowiredAnnotationBeanPostProcessor$AutowiredFieldElement.resolveFieldValue(AutowiredAnnotationBeanPostProcessor.java:787) ~[spring-beans-6.2.14.jar:6.2.14]
	at org.springframework.beans.factory.annotation.AutowiredAnnotationBeanPostProcessor$AutowiredFieldElement.inject(AutowiredAnnotationBeanPostProcessor.java:767) ~[spring-beans-6.2.14.jar:6.2.14]
	at org.springframework.beans.factory.annotation.InjectionMetadata.inject(InjectionMetadata.java:146) ~[spring-beans-6.2.14.jar:6.2.14]
	at org.springframework.beans.factory.annotation.AutowiredAnnotationBeanPostProcessor.postProcessProperties(AutowiredAnnotationBeanPostProcessor.java:509) ~[spring-beans-6.2.14.jar:6.2.14]
	at org.springframework.beans.factory.support.AbstractAutowireCapableBeanFactory.populateBean(AbstractAutowireCapableBeanFactory.java:1459) ~[spring-beans-6.2.14.jar:6.2.14]
	at org.springframework.beans.factory.support.AbstractAutowireCapableBeanFactory.doCreateBean(AbstractAutowireCapableBeanFactory.java:606) ~[spring-beans-6.2.14.jar:6.2.14]
	at org.springframework.beans.factory.support.AbstractAutowireCapableBeanFactory.createBean(AbstractAutowireCapableBeanFactory.java:529) ~[spring-beans-6.2.14.jar:6.2.14]
	at org.springframework.beans.factory.support.AbstractBeanFactory.lambda$doGetBean$0(AbstractBeanFactory.java:339) ~[spring-beans-6.2.14.jar:6.2.14]
	at org.springframework.beans.factory.support.DefaultSingletonBeanRegistry.getSingleton(DefaultSingletonBeanRegistry.java:373) ~[spring-beans-6.2.14.jar:6.2.14]
	at org.springframework.beans.factory.support.AbstractBeanFactory.doGetBean(AbstractBeanFactory.java:337) ~[spring-beans-6.2.14.jar:6.2.14]
	at org.springframework.beans.factory.support.AbstractBeanFactory.getBean(AbstractBeanFactory.java:202) ~[spring-beans-6.2.14.jar:6.2.14]
	at org.springframework.beans.factory.support.DefaultListableBeanFactory.instantiateSingleton(DefaultListableBeanFactory.java:1228) ~[spring-beans-6.2.14.jar:6.2.14]
	at org.springframework.beans.factory.support.DefaultListableBeanFactory.preInstantiateSingleton(DefaultListableBeanFactory.java:1194) ~[spring-beans-6.2.14.jar:6.2.14]
	at org.springframework.beans.factory.support.DefaultListableBeanFactory.preInstantiateSingletons(DefaultListableBeanFactory.java:1130) ~[spring-beans-6.2.14.jar:6.2.14]
	at org.springframework.context.support.AbstractApplicationContext.finishBeanFactoryInitialization(AbstractApplicationContext.java:990) ~[spring-context-6.2.14.jar:6.2.14]
	at org.springframework.context.support.AbstractApplicationContext.refresh(AbstractApplicationContext.java:627) ~[spring-context-6.2.14.jar:6.2.14]
	at org.springframework.boot.web.servlet.context.ServletWebServerApplicationContext.refresh(ServletWebServerApplicationContext.java:146) ~[spring-boot-3.5.8.jar:3.5.8]
	at org.springframework.boot.SpringApplication.refresh(SpringApplication.java:752) ~[spring-boot-3.5.8.jar:3.5.8]
	at org.springframework.boot.SpringApplication.refreshContext(SpringApplication.java:439) ~[spring-boot-3.5.8.jar:3.5.8]
	at org.springframework.boot.SpringApplication.run(SpringApplication.java:318) ~[spring-boot-3.5.8.jar:3.5.8]
	at org.springframework.boot.SpringApplication.run(SpringApplication.java:1361) ~[spring-boot-3.5.8.jar:3.5.8]
	at org.springframework.boot.SpringApplication.run(SpringApplication.java:1350) ~[spring-boot-3.5.8.jar:3.5.8]
	at com.jacob.WebApplication.main(WebApplication.java:20) ~[classes/:na]
	at java.base/jdk.internal.reflect.NativeMethodAccessorImpl.invoke0(Native Method) ~[na:na]
	at java.base/jdk.internal.reflect.NativeMethodAccessorImpl.invoke(NativeMethodAccessorImpl.java:77) ~[na:na]
	at java.base/jdk.internal.reflect.DelegatingMethodAccessorImpl.invoke(DelegatingMethodAccessorImpl.java:43) ~[na:na]
	at java.base/java.lang.reflect.Method.invoke(Method.java:568) ~[na:na]
	at org.springframework.boot.devtools.restart.RestartLauncher.run(RestartLauncher.java:50) ~[spring-boot-devtools-3.5.8.jar:3.5.8]
Caused by: org.springframework.beans.factory.BeanCreationException: Error creating bean with name 'sysUserInfoServiceImpl': Lookup method resolution failed
	at org.springframework.beans.factory.annotation.AutowiredAnnotationBeanPostProcessor.checkLookupMethods(AutowiredAnnotationBeanPostProcessor.java:498) ~[spring-beans-6.2.14.jar:6.2.14]
	at org.springframework.beans.factory.annotation.AutowiredAnnotationBeanPostProcessor.determineCandidateConstructors(AutowiredAnnotationBeanPostProcessor.java:368) ~[spring-beans-6.2.14.jar:6.2.14]
	at org.springframework.beans.factory.support.AbstractAutowireCapableBeanFactory.determineConstructorsFromBeanPostProcessors(AbstractAutowireCapableBeanFactory.java:1334) ~[spring-beans-6.2.14.jar:6.2.14]
	at org.springframework.beans.factory.support.AbstractAutowireCapableBeanFactory.createBeanInstance(AbstractAutowireCapableBeanFactory.java:1229) ~[spring-beans-6.2.14.jar:6.2.14]
	at org.springframework.beans.factory.support.AbstractAutowireCapableBeanFactory.doCreateBean(AbstractAutowireCapableBeanFactory.java:569) ~[spring-beans-6.2.14.jar:6.2.14]
	at org.springframework.beans.factory.support.AbstractAutowireCapableBeanFactory.createBean(AbstractAutowireCapableBeanFactory.java:529) ~[spring-beans-6.2.14.jar:6.2.14]
	at org.springframework.beans.factory.support.AbstractBeanFactory.lambda$doGetBean$0(AbstractBeanFactory.java:339) ~[spring-beans-6.2.14.jar:6.2.14]
	at org.springframework.beans.factory.support.DefaultSingletonBeanRegistry.getSingleton(DefaultSingletonBeanRegistry.java:373) ~[spring-beans-6.2.14.jar:6.2.14]
	at org.springframework.beans.factory.support.AbstractBeanFactory.doGetBean(AbstractBeanFactory.java:337) ~[spring-beans-6.2.14.jar:6.2.14]
	at org.springframework.beans.factory.support.AbstractBeanFactory.getBean(AbstractBeanFactory.java:202) ~[spring-beans-6.2.14.jar:6.2.14]
	at org.springframework.beans.factory.config.DependencyDescriptor.resolveCandidate(DependencyDescriptor.java:254) ~[spring-beans-6.2.14.jar:6.2.14]
	at org.springframework.beans.factory.support.DefaultListableBeanFactory.doResolveDependency(DefaultListableBeanFactory.java:1770) ~[spring-beans-6.2.14.jar:6.2.14]
	at org.springframework.beans.factory.support.DefaultListableBeanFactory.resolveDependency(DefaultListableBeanFactory.java:1653) ~[spring-beans-6.2.14.jar:6.2.14]
	at org.springframework.beans.factory.annotation.AutowiredAnnotationBeanPostProcessor$AutowiredFieldElement.resolveFieldValue(AutowiredAnnotationBeanPostProcessor.java:784) ~[spring-beans-6.2.14.jar:6.2.14]
	... 27 common frames omitted
Caused by: java.lang.IllegalStateException: Failed to introspect Class [com.jacob.service.user.userInfo.impl.SysUserInfoServiceImpl] from ClassLoader [org.springframework.boot.devtools.restart.classloader.RestartClassLoader@176a7cb3]
	at org.springframework.util.ReflectionUtils.getDeclaredMethods(ReflectionUtils.java:483) ~[spring-core-6.2.14.jar:6.2.14]
	at org.springframework.util.ReflectionUtils.doWithLocalMethods(ReflectionUtils.java:320) ~[spring-core-6.2.14.jar:6.2.14]
	at org.springframework.beans.factory.annotation.AutowiredAnnotationBeanPostProcessor.checkLookupMethods(AutowiredAnnotationBeanPostProcessor.java:476) ~[spring-beans-6.2.14.jar:6.2.14]
	... 40 common frames omitted
Caused by: java.lang.NoClassDefFoundError: com/jacob/dao/base/SqlDao
	at java.base/java.lang.Class.getDeclaredMethods0(Native Method) ~[na:na]
	at java.base/java.lang.Class.privateGetDeclaredMethods(Class.java:3402) ~[na:na]
	at java.base/java.lang.Class.getDeclaredMethods(Class.java:2504) ~[na:na]
	at org.springframework.util.ReflectionUtils.getDeclaredMethods(ReflectionUtils.java:465) ~[spring-core-6.2.14.jar:6.2.14]
	... 42 common frames omitted
Caused by: java.lang.ClassNotFoundException: com.jacob.dao.base.SqlDao
	at java.base/jdk.internal.loader.BuiltinClassLoader.loadClass(BuiltinClassLoader.java:641) ~[na:na]
	at java.base/jdk.internal.loader.ClassLoaders$AppClassLoader.loadClass(ClassLoaders.java:188) ~[na:na]
	at java.base/java.lang.ClassLoader.loadClass(ClassLoader.java:520) ~[na:na]
	at java.base/java.lang.Class.forName0(Native Method) ~[na:na]
	at java.base/java.lang.Class.forName(Class.java:467) ~[na:na]
	at org.springframework.boot.devtools.restart.classloader.RestartClassLoader.loadClass(RestartClassLoader.java:121) ~[spring-boot-devtools-3.5.8.jar:3.5.8]
	at java.base/java.lang.ClassLoader.loadClass(ClassLoader.java:520) ~[na:na]
	... 46 common frames omitted
2025-12-24 22:22:55.634 [restartedMain] INFO  com.jacob.WebApplication - Starting WebApplication using Java 17.0.4.1 with PID 42524 (C:\Users\16921\IdeaProjects\pet-health\web\target\classes started by 16921 in C:\Users\16921\IdeaProjects\pet-health)
2025-12-24 22:22:55.635 [restartedMain] INFO  com.jacob.WebApplication - No active profile set, falling back to 1 default profile: "default"
2025-12-24 22:22:56.545 [restartedMain] INFO  o.s.d.r.config.RepositoryConfigurationDelegate - Multiple Spring Data modules found, entering strict repository configuration mode
2025-12-24 22:22:56.545 [restartedMain] INFO  o.s.d.r.config.RepositoryConfigurationDelegate - Bootstrapping Spring Data Redis repositories in DEFAULT mode.
2025-12-24 22:22:56.580 [restartedMain] INFO  o.s.d.r.config.RepositoryConfigurationDelegate - Finished Spring Data repository scanning in 32 ms. Found 0 Redis repository interfaces.
2025-12-24 22:22:56.874 [restartedMain] INFO  o.s.boot.web.embedded.tomcat.TomcatWebServer - Tomcat initialized with port 8080 (http)
2025-12-24 22:22:56.874 [restartedMain] INFO  org.apache.catalina.core.StandardService - Starting service [Tomcat]
2025-12-24 22:22:56.875 [restartedMain] INFO  org.apache.catalina.core.StandardEngine - Starting Servlet engine: [Apache Tomcat/10.1.49]
2025-12-24 22:22:56.944 [restartedMain] INFO  o.a.c.c.ContainerBase.[Tomcat-1].[localhost].[/] - Initializing Spring embedded WebApplicationContext
2025-12-24 22:22:56.944 [restartedMain] INFO  o.s.b.w.s.c.ServletWebServerApplicationContext - Root WebApplicationContext: initialization completed in 1301 ms
2025-12-24 22:22:57.138 [restartedMain] WARN  o.s.b.w.s.c.AnnotationConfigServletWebServerApplicationContext - Exception encountered during context initialization - cancelling refresh attempt: org.springframework.beans.factory.BeanCreationException: Error creating bean with name 'userController' defined in file [C:\Users\16921\IdeaProjects\pet-health\web\target\classes\com\jacob\web\UserController.class]: Post-processing of merged bean definition failed
2025-12-24 22:22:57.141 [restartedMain] INFO  org.apache.catalina.core.StandardService - Stopping service [Tomcat]
2025-12-24 22:22:57.150 [restartedMain] INFO  o.s.b.a.logging.ConditionEvaluationReportLogger - 

Error starting ApplicationContext. To display the condition evaluation report re-run your application with 'debug' enabled.
2025-12-24 22:22:57.168 [restartedMain] ERROR org.springframework.boot.SpringApplication - Application run failed
org.springframework.beans.factory.BeanCreationException: Error creating bean with name 'userController' defined in file [C:\Users\16921\IdeaProjects\pet-health\web\target\classes\com\jacob\web\UserController.class]: Post-processing of merged bean definition failed
	at org.springframework.beans.factory.support.AbstractAutowireCapableBeanFactory.doCreateBean(AbstractAutowireCapableBeanFactory.java:584) ~[spring-beans-6.2.14.jar:6.2.14]
	at org.springframework.beans.factory.support.AbstractAutowireCapableBeanFactory.createBean(AbstractAutowireCapableBeanFactory.java:529) ~[spring-beans-6.2.14.jar:6.2.14]
	at org.springframework.beans.factory.support.AbstractBeanFactory.lambda$doGetBean$0(AbstractBeanFactory.java:339) ~[spring-beans-6.2.14.jar:6.2.14]
	at org.springframework.beans.factory.support.DefaultSingletonBeanRegistry.getSingleton(DefaultSingletonBeanRegistry.java:373) ~[spring-beans-6.2.14.jar:6.2.14]
	at org.springframework.beans.factory.support.AbstractBeanFactory.doGetBean(AbstractBeanFactory.java:337) ~[spring-beans-6.2.14.jar:6.2.14]
	at org.springframework.beans.factory.support.AbstractBeanFactory.getBean(AbstractBeanFactory.java:202) ~[spring-beans-6.2.14.jar:6.2.14]
	at org.springframework.beans.factory.support.DefaultListableBeanFactory.instantiateSingleton(DefaultListableBeanFactory.java:1228) ~[spring-beans-6.2.14.jar:6.2.14]
	at org.springframework.beans.factory.support.DefaultListableBeanFactory.preInstantiateSingleton(DefaultListableBeanFactory.java:1194) ~[spring-beans-6.2.14.jar:6.2.14]
	at org.springframework.beans.factory.support.DefaultListableBeanFactory.preInstantiateSingletons(DefaultListableBeanFactory.java:1130) ~[spring-beans-6.2.14.jar:6.2.14]
	at org.springframework.context.support.AbstractApplicationContext.finishBeanFactoryInitialization(AbstractApplicationContext.java:990) ~[spring-context-6.2.14.jar:6.2.14]
	at org.springframework.context.support.AbstractApplicationContext.refresh(AbstractApplicationContext.java:627) ~[spring-context-6.2.14.jar:6.2.14]
	at org.springframework.boot.web.servlet.context.ServletWebServerApplicationContext.refresh(ServletWebServerApplicationContext.java:146) ~[spring-boot-3.5.8.jar:3.5.8]
	at org.springframework.boot.SpringApplication.refresh(SpringApplication.java:752) ~[spring-boot-3.5.8.jar:3.5.8]
	at org.springframework.boot.SpringApplication.refreshContext(SpringApplication.java:439) ~[spring-boot-3.5.8.jar:3.5.8]
	at org.springframework.boot.SpringApplication.run(SpringApplication.java:318) ~[spring-boot-3.5.8.jar:3.5.8]
	at org.springframework.boot.SpringApplication.run(SpringApplication.java:1361) ~[spring-boot-3.5.8.jar:3.5.8]
	at org.springframework.boot.SpringApplication.run(SpringApplication.java:1350) ~[spring-boot-3.5.8.jar:3.5.8]
	at com.jacob.WebApplication.main(WebApplication.java:20) ~[classes/:na]
	at java.base/jdk.internal.reflect.NativeMethodAccessorImpl.invoke0(Native Method) ~[na:na]
	at java.base/jdk.internal.reflect.NativeMethodAccessorImpl.invoke(NativeMethodAccessorImpl.java:77) ~[na:na]
	at java.base/jdk.internal.reflect.DelegatingMethodAccessorImpl.invoke(DelegatingMethodAccessorImpl.java:43) ~[na:na]
	at java.base/java.lang.reflect.Method.invoke(Method.java:568) ~[na:na]
	at org.springframework.boot.devtools.restart.RestartLauncher.run(RestartLauncher.java:50) ~[spring-boot-devtools-3.5.8.jar:3.5.8]
Caused by: java.lang.IllegalStateException: Failed to introspect Class [com.jacob.web.UserController] from ClassLoader [org.springframework.boot.devtools.restart.classloader.RestartClassLoader@1da1c300]
	at org.springframework.util.ReflectionUtils.getDeclaredFields(ReflectionUtils.java:756) ~[spring-core-6.2.14.jar:6.2.14]
	at org.springframework.util.ReflectionUtils.doWithLocalFields(ReflectionUtils.java:689) ~[spring-core-6.2.14.jar:6.2.14]
	at org.springframework.context.annotation.CommonAnnotationBeanPostProcessor.buildResourceMetadata(CommonAnnotationBeanPostProcessor.java:432) ~[spring-context-6.2.14.jar:6.2.14]
	at org.springframework.context.annotation.CommonAnnotationBeanPostProcessor.findResourceMetadata(CommonAnnotationBeanPostProcessor.java:413) ~[spring-context-6.2.14.jar:6.2.14]
	at org.springframework.context.annotation.CommonAnnotationBeanPostProcessor.postProcessMergedBeanDefinition(CommonAnnotationBeanPostProcessor.java:313) ~[spring-context-6.2.14.jar:6.2.14]
	at org.springframework.beans.factory.support.AbstractAutowireCapableBeanFactory.applyMergedBeanDefinitionPostProcessors(AbstractAutowireCapableBeanFactory.java:1123) ~[spring-beans-6.2.14.jar:6.2.14]
	at org.springframework.beans.factory.support.AbstractAutowireCapableBeanFactory.doCreateBean(AbstractAutowireCapableBeanFactory.java:581) ~[spring-beans-6.2.14.jar:6.2.14]
	... 22 common frames omitted
Caused by: java.lang.NoClassDefFoundError: com/jacob/service/user/userInfo/SysUserInfoService
	at java.base/java.lang.Class.getDeclaredFields0(Native Method) ~[na:na]
	at java.base/java.lang.Class.privateGetDeclaredFields(Class.java:3297) ~[na:na]
	at java.base/java.lang.Class.getDeclaredFields(Class.java:2371) ~[na:na]
	at org.springframework.util.ReflectionUtils.getDeclaredFields(ReflectionUtils.java:751) ~[spring-core-6.2.14.jar:6.2.14]
	... 28 common frames omitted
Caused by: java.lang.ClassNotFoundException: com.jacob.service.user.userInfo.SysUserInfoService
	at java.base/jdk.internal.loader.BuiltinClassLoader.loadClass(BuiltinClassLoader.java:641) ~[na:na]
	at java.base/jdk.internal.loader.ClassLoaders$AppClassLoader.loadClass(ClassLoaders.java:188) ~[na:na]
	at java.base/java.lang.ClassLoader.loadClass(ClassLoader.java:520) ~[na:na]
	at java.base/java.lang.Class.forName0(Native Method) ~[na:na]
	at java.base/java.lang.Class.forName(Class.java:467) ~[na:na]
	at org.springframework.boot.devtools.restart.classloader.RestartClassLoader.loadClass(RestartClassLoader.java:121) ~[spring-boot-devtools-3.5.8.jar:3.5.8]
	at java.base/java.lang.ClassLoader.loadClass(ClassLoader.java:520) ~[na:na]
	... 32 common frames omitted
2025-12-24 22:22:58.783 [restartedMain] INFO  com.jacob.WebApplication - Starting WebApplication using Java 17.0.4.1 with PID 42524 (C:\Users\16921\IdeaProjects\pet-health\web\target\classes started by 16921 in C:\Users\16921\IdeaProjects\pet-health)
2025-12-24 22:22:58.783 [restartedMain] INFO  com.jacob.WebApplication - No active profile set, falling back to 1 default profile: "default"
2025-12-24 22:22:59.488 [restartedMain] INFO  o.s.d.r.config.RepositoryConfigurationDelegate - Multiple Spring Data modules found, entering strict repository configuration mode
2025-12-24 22:22:59.488 [restartedMain] INFO  o.s.d.r.config.RepositoryConfigurationDelegate - Bootstrapping Spring Data Redis repositories in DEFAULT mode.
2025-12-24 22:22:59.531 [restartedMain] INFO  o.s.d.r.config.RepositoryConfigurationDelegate - Finished Spring Data repository scanning in 41 ms. Found 0 Redis repository interfaces.
2025-12-24 22:22:59.845 [restartedMain] INFO  o.s.boot.web.embedded.tomcat.TomcatWebServer - Tomcat initialized with port 8080 (http)
2025-12-24 22:22:59.845 [restartedMain] INFO  org.apache.catalina.core.StandardService - Starting service [Tomcat]
2025-12-24 22:22:59.846 [restartedMain] INFO  org.apache.catalina.core.StandardEngine - Starting Servlet engine: [Apache Tomcat/10.1.49]
2025-12-24 22:22:59.918 [restartedMain] INFO  o.a.c.c.ContainerBase.[Tomcat-2].[localhost].[/] - Initializing Spring embedded WebApplicationContext
2025-12-24 22:22:59.918 [restartedMain] INFO  o.s.b.w.s.c.ServletWebServerApplicationContext - Root WebApplicationContext: initialization completed in 1127 ms
2025-12-24 22:23:01.057 [restartedMain] INFO  o.s.b.d.autoconfigure.OptionalLiveReloadServer - LiveReload server is running on port 35729
2025-12-24 22:23:01.074 [restartedMain] INFO  o.s.boot.web.embedded.tomcat.TomcatWebServer - Tomcat started on port 8080 (http) with context path '/'
2025-12-24 22:23:01.080 [restartedMain] INFO  com.jacob.WebApplication - Started WebApplication in 2.378 seconds (process running for 235.135)
2025-12-24 22:23:01.080 [restartedMain] INFO  com.zaxxer.hikari.HikariDataSource - HikariPool-2 - Starting...
2025-12-24 22:23:01.086 [restartedMain] INFO  com.zaxxer.hikari.pool.HikariPool - HikariPool-2 - Added connection com.p6spy.engine.wrapper.ConnectionWrapper@1fc5c558
2025-12-24 22:23:01.086 [restartedMain] INFO  com.zaxxer.hikari.HikariDataSource - HikariPool-2 - Start completed.
2025-12-24 22:23:01.133 [restartedMain] INFO  com.jacob.InitRun - 服务器启动成功！总耗时1104毫秒
2025-12-24 22:23:01.137 [restartedMain] INFO  o.s.b.d.a.ConditionEvaluationDeltaLoggingListener - Condition evaluation unchanged
2025-12-24 22:23:02.568 [File Watcher] INFO  o.s.b.d.a.LocalDevToolsAutoConfiguration$RestartingClassPathChangeChangedEventListener - Restarting due to 3 class path changes (0 additions, 0 deletions, 3 modifications)
2025-12-24 22:23:02.569 [Thread-7] INFO  o.s.boot.web.embedded.tomcat.GracefulShutdown - Commencing graceful shutdown. Waiting for active requests to complete
2025-12-24 22:23:03.733 [tomcat-shutdown] INFO  o.s.boot.web.embedded.tomcat.GracefulShutdown - Graceful shutdown complete
2025-12-24 22:23:03.742 [Thread-7] INFO  com.zaxxer.hikari.HikariDataSource - HikariPool-2 - Shutdown initiated...
2025-12-24 22:23:03.744 [Thread-7] INFO  com.zaxxer.hikari.HikariDataSource - HikariPool-2 - Shutdown completed.
2025-12-24 22:23:03.890 [restartedMain] INFO  com.jacob.WebApplication - Starting WebApplication using Java 17.0.4.1 with PID 42524 (C:\Users\16921\IdeaProjects\pet-health\web\target\classes started by 16921 in C:\Users\16921\IdeaProjects\pet-health)
2025-12-24 22:23:03.890 [restartedMain] INFO  com.jacob.WebApplication - No active profile set, falling back to 1 default profile: "default"
2025-12-24 22:23:04.583 [restartedMain] INFO  o.s.d.r.config.RepositoryConfigurationDelegate - Multiple Spring Data modules found, entering strict repository configuration mode
2025-12-24 22:23:04.584 [restartedMain] INFO  o.s.d.r.config.RepositoryConfigurationDelegate - Bootstrapping Spring Data Redis repositories in DEFAULT mode.
2025-12-24 22:23:04.615 [restartedMain] INFO  o.s.d.r.config.RepositoryConfigurationDelegate - Finished Spring Data repository scanning in 29 ms. Found 0 Redis repository interfaces.
2025-12-24 22:23:04.883 [restartedMain] INFO  o.s.boot.web.embedded.tomcat.TomcatWebServer - Tomcat initialized with port 8080 (http)
2025-12-24 22:23:04.884 [restartedMain] INFO  org.apache.catalina.core.StandardService - Starting service [Tomcat]
2025-12-24 22:23:04.884 [restartedMain] INFO  org.apache.catalina.core.StandardEngine - Starting Servlet engine: [Apache Tomcat/10.1.49]
2025-12-24 22:23:04.947 [restartedMain] INFO  o.a.c.c.ContainerBase.[Tomcat-2].[localhost].[/] - Initializing Spring embedded WebApplicationContext
2025-12-24 22:23:04.947 [restartedMain] INFO  o.s.b.w.s.c.ServletWebServerApplicationContext - Root WebApplicationContext: initialization completed in 1050 ms
2025-12-24 22:23:06.024 [restartedMain] INFO  o.s.b.d.autoconfigure.OptionalLiveReloadServer - LiveReload server is running on port 35729
2025-12-24 22:23:06.045 [restartedMain] INFO  o.s.boot.web.embedded.tomcat.TomcatWebServer - Tomcat started on port 8080 (http) with context path '/'
2025-12-24 22:23:06.050 [restartedMain] INFO  com.jacob.WebApplication - Started WebApplication in 2.243 seconds (process running for 240.107)
2025-12-24 22:23:06.052 [restartedMain] INFO  com.zaxxer.hikari.HikariDataSource - HikariPool-3 - Starting...
2025-12-24 22:23:06.057 [restartedMain] INFO  com.zaxxer.hikari.pool.HikariPool - HikariPool-3 - Added connection com.p6spy.engine.wrapper.ConnectionWrapper@7b60d0bb
2025-12-24 22:23:06.057 [restartedMain] INFO  com.zaxxer.hikari.HikariDataSource - HikariPool-3 - Start completed.
2025-12-24 22:23:06.105 [restartedMain] INFO  com.jacob.InitRun - 服务器启动成功！总耗时1043毫秒
2025-12-24 22:23:06.106 [restartedMain] INFO  o.s.b.d.a.ConditionEvaluationDeltaLoggingListener - Condition evaluation unchanged
